Nome da Marca;Tipo;Custo Unitario;Preco Unitario;ID Produto;Categoria
Contoso;Econ�mico;10,69;20,96;873;Acess�rio para Computador
Contoso;Econ�mico;6,63;13;879;Acess�rio para Computador
Contoso;Econ�mico;6,63;13;880;Acess�rio para Computador
Contoso;Econ�mico;6,63;13;881;Acess�rio para Computador
Contoso;Econ�mico;6,63;13;882;Acess�rio para Computador
Contoso;Econ�mico;25,49;50;887;Acess�rio para Computador
Contoso;Econ�mico;25,49;50;888;Acess�rio para Computador
Contoso;Econ�mico;25,49;50;889;Acess�rio para Computador
Contoso;Econ�mico;25,49;50;890;Acess�rio para Computador
Contoso;Econ�mico;9,13;17,9;833;Acess�rio para Computador
Contoso;Econ�mico;11,68;22,9;834;Acess�rio para Computador
Contoso;Econ�mico;26,97;52,9;835;Acess�rio para Computador
Contoso;Econ�mico;8,11;15,9;836;Acess�rio para Computador
Contoso;Econ�mico;6,07;11,9;837;Acess�rio para Computador
Contoso;Econ�mico;7,9;15,5;838;Acess�rio para Computador
Contoso;Econ�mico;7,09;13,9;841;Acess�rio para Computador
Contoso;Econ�mico;13,71;26,9;842;Acess�rio para Computador
Contoso;Econ�mico;13,71;26,9;843;Acess�rio para Computador
Contoso;Econ�mico;13,71;26,9;844;Acess�rio para Computador
Contoso;Econ�mico;15,27;29,95;800;Acess�rio para Computador
Contoso;Econ�mico;10,15;19,9;801;Acess�rio para Computador
Contoso;Econ�mico;7,9;15,5;802;Acess�rio para Computador
Contoso;Econ�mico;9,13;17,9;803;Acess�rio para Computador
Contoso;Econ�mico;11,68;22,9;804;Acess�rio para Computador
Contoso;Econ�mico;26,97;52,9;805;Acess�rio para Computador
Contoso;Econ�mico;8,11;15,9;806;Acess�rio para Computador
Contoso;Econ�mico;6,07;11,9;807;Acess�rio para Computador
Contoso;Econ�mico;6,6;12,95;808;Acess�rio para Computador
Contoso;Econ�mico;20,34;39,9;809;Acess�rio para Computador
Contoso;Econ�mico;7,9;15,5;767;Acess�rio para Computador
Contoso;Econ�mico;9,13;17,9;768;Acess�rio para Computador
Contoso;Econ�mico;11,68;22,9;769;Acess�rio para Computador
Contoso;Econ�mico;26,97;52,9;770;Acess�rio para Computador
Contoso;Econ�mico;8,11;15,9;771;Acess�rio para Computador
Contoso;Econ�mico;6,07;11,9;772;Acess�rio para Computador
Contoso;Econ�mico;8,11;15,9;773;Acess�rio para Computador
Contoso;Econ�mico;7,9;15,5;774;Acess�rio para Computador
Contoso;Econ�mico;7,09;13,9;777;Acess�rio para Computador
Contoso;Econ�mico;6,6;12,95;778;Acess�rio para Computador
Contoso;Econ�mico;20,34;39,9;779;Acess�rio para Computador
Contoso;Econ�mico;6,6;12,95;782;Acess�rio para Computador
Contoso;Econ�mico;6,88;13,5;783;Acess�rio para Computador
Contoso;Econ�mico;5,86;11,5;786;Acess�rio para Computador
Contoso;Econ�mico;4,84;9,5;787;Acess�rio para Computador
Contoso;Econ�mico;6,6;12,95;812;Acess�rio para Computador
Contoso;Econ�mico;6,88;13,5;813;Acess�rio para Computador
Contoso;Econ�mico;5,86;11,5;816;Acess�rio para Computador
Contoso;Econ�mico;4,84;9,5;817;Acess�rio para Computador
Contoso;Econ�mico;15,24;29,9;819;Acess�rio para Computador
Contoso;Econ�mico;13;25,5;820;Acess�rio para Computador
Contoso;Econ�mico;6,6;12,95;743;Acess�rio para Computador
Contoso;Econ�mico;20,34;39,9;744;Acess�rio para Computador
Contoso;Econ�mico;6,6;12,95;747;Acess�rio para Computador
Contoso;Econ�mico;6,88;13,5;748;Acess�rio para Computador
Contoso;Econ�mico;5,86;11,5;751;Acess�rio para Computador
Contoso;Econ�mico;4,84;9,5;752;Acess�rio para Computador
Contoso;Econ�mico;15,24;29,9;754;Acess�rio para Computador
Contoso;Econ�mico;13;25,5;755;Acess�rio para Computador
Contoso;Econ�mico;6,07;11,9;759;Acess�rio para Computador
Contoso;Econ�mico;7,09;13,9;760;Acess�rio para Computador
Contoso;Econ�mico;8,62;16,9;761;Acess�rio para Computador
Contoso;Econ�mico;15,27;29,95;765;Acess�rio para Computador
Contoso;Econ�mico;10,15;19,9;766;Acess�rio para Computador
Contoso;Econ�mico;15,24;29,9;789;Acess�rio para Computador
Contoso;Econ�mico;13;25,5;790;Acess�rio para Computador
Contoso;Econ�mico;6,07;11,9;794;Acess�rio para Computador
Contoso;Econ�mico;7,09;13,9;795;Acess�rio para Computador
Contoso;Econ�mico;8,62;16,9;796;Acess�rio para Computador
Contoso;Econ�mico;6,07;11,9;824;Acess�rio para Computador
Contoso;Econ�mico;7,09;13,9;825;Acess�rio para Computador
Contoso;Econ�mico;8,62;16,9;826;Acess�rio para Computador
Contoso;Econ�mico;15,27;29,95;830;Acess�rio para Computador
Contoso;Econ�mico;10,15;19,9;831;Acess�rio para Computador
Contoso;Econ�mico;7,9;15,5;832;Acess�rio para Computador
Contoso;Econ�mico;13,71;26,9;845;Acess�rio para Computador
Contoso;Econ�mico;7,95;15,6;846;Acess�rio para Computador
Contoso;Econ�mico;7,95;15,6;847;Acess�rio para Computador
Contoso;Econ�mico;7,95;15,6;848;Acess�rio para Computador
Contoso;Econ�mico;7,95;15,6;849;Acess�rio para Computador
Contoso;Econ�mico;10,69;20,96;870;Acess�rio para Computador
Contoso;Econ�mico;10,69;20,96;871;Acess�rio para Computador
Contoso;Econ�mico;10,69;20,96;872;Acess�rio para Computador
Contoso;Luxo;43,06;129,95;874;Acess�rio para Computador
Contoso;Luxo;43,06;129,95;875;Acess�rio para Computador
Contoso;Luxo;43,06;129,95;876;Acess�rio para Computador
Contoso;Luxo;43,06;129,95;877;Acess�rio para Computador
Contoso;Luxo;43,06;129,95;878;Acess�rio para Computador
Contoso;Luxo;49,7;150;883;Acess�rio para Computador
Contoso;Luxo;49,7;150;884;Acess�rio para Computador
Contoso;Luxo;49,7;150;885;Acess�rio para Computador
Contoso;Luxo;49,7;150;886;Acess�rio para Computador
Contoso;Regular;11,91;25,9;839;Acess�rio para Computador
Contoso;Regular;18,35;39,9;840;Acess�rio para Computador
Contoso;Luxo;13,22;39,9;799;Acess�rio para Computador
Contoso;Regular;5,29;11,5;775;Acess�rio para Computador
Contoso;Regular;10,99;23,9;776;Acess�rio para Computador
Contoso;Regular;9,17;19,95;780;Acess�rio para Computador
Contoso;Regular;7,59;16,5;781;Acess�rio para Computador
Contoso;Regular;7,59;16,5;784;Acess�rio para Computador
Contoso;Regular;4,37;9,5;785;Acess�rio para Computador
Contoso;Regular;5,29;11,5;788;Acess�rio para Computador
Contoso;Regular;9,17;19,95;810;Acess�rio para Computador
Contoso;Regular;7,59;16,5;811;Acess�rio para Computador
Contoso;Regular;7,59;16,5;814;Acess�rio para Computador
Contoso;Regular;4,37;9,5;815;Acess�rio para Computador
Contoso;Regular;5,29;11,5;818;Acess�rio para Computador
Contoso;Regular;9,17;19,95;745;Acess�rio para Computador
Contoso;Regular;7,59;16,5;746;Acess�rio para Computador
Contoso;Regular;7,59;16,5;749;Acess�rio para Computador
Contoso;Regular;4,37;9,5;750;Acess�rio para Computador
Contoso;Regular;5,29;11,5;753;Acess�rio para Computador
Contoso;Regular;13,75;29,9;756;Acess�rio para Computador
Contoso;Regular;12,83;27,9;757;Acess�rio para Computador
Contoso;Regular;12,83;27,9;758;Acess�rio para Computador
Contoso;Luxo;11,23;33,9;762;Acess�rio para Computador
Contoso;Regular;10,99;23,9;763;Acess�rio para Computador
Contoso;Luxo;13,22;39,9;764;Acess�rio para Computador
Contoso;Regular;13,75;29,9;791;Acess�rio para Computador
Contoso;Regular;12,83;27,9;792;Acess�rio para Computador
Contoso;Regular;12,83;27,9;793;Acess�rio para Computador
Contoso;Luxo;11,23;33,9;797;Acess�rio para Computador
Contoso;Regular;10,99;23,9;798;Acess�rio para Computador
Contoso;Regular;13,75;29,9;821;Acess�rio para Computador
Contoso;Regular;12,83;27,9;822;Acess�rio para Computador
Contoso;Regular;12,83;27,9;823;Acess�rio para Computador
Contoso;Luxo;11,23;33,9;827;Acess�rio para Computador
Contoso;Regular;10,99;23,9;828;Acess�rio para Computador
Contoso;Luxo;13,22;39,9;829;Acess�rio para Computador
Contoso;Luxo;76,5;230,9;850;Acess�rio para Computador
Contoso;Luxo;76,5;230,9;851;Acess�rio para Computador
Contoso;Luxo;76,5;230,9;852;Acess�rio para Computador
Contoso;Luxo;76,5;230,9;853;Acess�rio para Computador
Contoso;Regular;59,32;129;854;Acess�rio para Computador
Contoso;Regular;59,32;129;855;Acess�rio para Computador
Contoso;Regular;59,32;129;856;Acess�rio para Computador
Contoso;Regular;59,32;129;857;Acess�rio para Computador
Contoso;Regular;13,77;29,95;858;Acess�rio para Computador
Contoso;Regular;13,77;29,95;859;Acess�rio para Computador
Contoso;Regular;13,77;29,95;860;Acess�rio para Computador
Contoso;Regular;13,77;29,95;861;Acess�rio para Computador
Contoso;Regular;13,77;29,95;862;Acess�rio para Computador
Contoso;Regular;23,45;50,99;863;Acess�rio para Computador
Contoso;Regular;23,45;50,99;864;Acess�rio para Computador
Contoso;Regular;23,45;50,99;865;Acess�rio para Computador
Contoso;Regular;32,19;69,99;866;Acess�rio para Computador
Contoso;Regular;32,19;69,99;867;Acess�rio para Computador
Contoso;Regular;32,19;69,99;868;Acess�rio para Computador
Contoso;Regular;32,19;69,99;869;Acess�rio para Computador
Contoso;Regular;10,57;22,99;1352;Telefone para Casa & Escrit�rio
Contoso;Regular;12,41;26,99;1353;Telefone para Casa & Escrit�rio
Contoso;Regular;13,33;28,99;1354;Telefone para Casa & Escrit�rio
Contoso;Regular;15,17;32,99;1355;Telefone para Casa & Escrit�rio
Contoso;Regular;16,55;35,99;1356;Telefone para Casa & Escrit�rio
Contoso;Regular;17,93;38,99;1357;Telefone para Casa & Escrit�rio
Contoso;Regular;18,39;39,99;1358;Telefone para Casa & Escrit�rio
Contoso;Luxo;14,24;42,99;1359;Telefone para Casa & Escrit�rio
Contoso;Luxo;15,57;46,99;1360;Telefone para Casa & Escrit�rio
Contoso;Luxo;16,56;49,99;1361;Telefone para Casa & Escrit�rio
Contoso;Regular;7,81;16,99;1362;Telefone para Casa & Escrit�rio
Contoso;Regular;10,57;22,99;1363;Telefone para Casa & Escrit�rio
Contoso;Econ�mico;5,09;9,99;1316;Telefone para Casa & Escrit�rio
Contoso;Econ�mico;6,62;12,99;1317;Telefone para Casa & Escrit�rio
Contoso;Econ�mico;8,66;16,99;1318;Telefone para Casa & Escrit�rio
Contoso;Regular;10,57;22,99;1319;Telefone para Casa & Escrit�rio
Contoso;Regular;12,41;26,99;1320;Telefone para Casa & Escrit�rio
Contoso;Regular;13,33;28,99;1321;Telefone para Casa & Escrit�rio
Contoso;Regular;15,17;32,99;1322;Telefone para Casa & Escrit�rio
Contoso;Regular;16,55;35,99;1323;Telefone para Casa & Escrit�rio
Contoso;Regular;17,93;38,99;1324;Telefone para Casa & Escrit�rio
Contoso;Regular;18,39;39,99;1325;Telefone para Casa & Escrit�rio
Contoso;Luxo;14,24;42,99;1326;Telefone para Casa & Escrit�rio
Contoso;Luxo;15,57;46,99;1327;Telefone para Casa & Escrit�rio
Contoso;Luxo;16,56;49,99;1328;Telefone para Casa & Escrit�rio
Contoso;Regular;7,81;16,99;1329;Telefone para Casa & Escrit�rio
Contoso;Regular;10,57;22,99;1330;Telefone para Casa & Escrit�rio
Contoso;Regular;12,41;26,99;1331;Telefone para Casa & Escrit�rio
Contoso;Regular;13,33;28,99;1332;Telefone para Casa & Escrit�rio
Contoso;Regular;15,17;32,99;1333;Telefone para Casa & Escrit�rio
Contoso;Regular;16,55;35,99;1334;Telefone para Casa & Escrit�rio
Contoso;Regular;18,48;40,19;1335;Telefone para Casa & Escrit�rio
Contoso;Regular;20,15;43,81;1336;Telefone para Casa & Escrit�rio
Contoso;Regular;21,82;47,44;1337;Telefone para Casa & Escrit�rio
Contoso;Regular;15,17;32,99;1338;Telefone para Casa & Escrit�rio
Contoso;Regular;16,55;35,99;1339;Telefone para Casa & Escrit�rio
Contoso;Econ�mico;7,23;14,19;1340;Telefone para Casa & Escrit�rio
Contoso;Econ�mico;8,16;16;1341;Telefone para Casa & Escrit�rio
Contoso;Luxo;13,92;42;1342;Telefone para Casa & Escrit�rio
Contoso;Luxo;10,27;31;1343;Telefone para Casa & Escrit�rio
Contoso;Econ�mico;8,16;16;1344;Telefone para Casa & Escrit�rio
Contoso;Regular;10,12;22;1345;Telefone para Casa & Escrit�rio
Contoso;Regular;10,58;23;1346;Telefone para Casa & Escrit�rio
Contoso;Regular;9,66;21;1347;Telefone para Casa & Escrit�rio
Contoso;Regular;10,57;22,99;1348;Telefone para Casa & Escrit�rio
Contoso;Econ�mico;5,09;9,99;1349;Telefone para Casa & Escrit�rio
Contoso;Econ�mico;6,62;12,99;1350;Telefone para Casa & Escrit�rio
Contoso;Econ�mico;8,66;16,99;1351;Telefone para Casa & Escrit�rio
Contoso;Regular;12,41;26,99;1364;Telefone para Casa & Escrit�rio
Contoso;Regular;13,33;28,99;1365;Telefone para Casa & Escrit�rio
Contoso;Regular;15,17;32,99;1366;Telefone para Casa & Escrit�rio
Contoso;Regular;16,55;35,99;1367;Telefone para Casa & Escrit�rio
Contoso;Regular;18,48;40,19;1368;Telefone para Casa & Escrit�rio
Contoso;Regular;20,15;43,81;1369;Telefone para Casa & Escrit�rio
Contoso;Regular;21,82;47,44;1370;Telefone para Casa & Escrit�rio
Contoso;Regular;15,17;32,99;1371;Telefone para Casa & Escrit�rio
Contoso;Regular;16,55;35,99;1372;Telefone para Casa & Escrit�rio
Contoso;Econ�mico;7,23;14,19;1373;Telefone para Casa & Escrit�rio
Contoso;Econ�mico;8,16;16;1374;Telefone para Casa & Escrit�rio
Contoso;Luxo;13,92;42;1375;Telefone para Casa & Escrit�rio
Contoso;Luxo;10,27;31;1376;Telefone para Casa & Escrit�rio
Contoso;Econ�mico;8,16;16;1377;Telefone para Casa & Escrit�rio
Contoso;Regular;10,12;22;1378;Telefone para Casa & Escrit�rio
Contoso;Regular;10,58;23;1379;Telefone para Casa & Escrit�rio
Contoso;Regular;9,66;21;1380;Telefone para Casa & Escrit�rio
Contoso;Regular;10,57;22,99;1381;Telefone para Casa & Escrit�rio
Contoso;Econ�mico;5,09;9,99;1382;Telefone para Casa & Escrit�rio
Contoso;Econ�mico;6,62;12,99;1383;Telefone para Casa & Escrit�rio
Contoso;Econ�mico;8,66;16,99;1384;Telefone para Casa & Escrit�rio
Contoso;Regular;10,57;22,99;1385;Telefone para Casa & Escrit�rio
Contoso;Regular;12,41;26,99;1386;Telefone para Casa & Escrit�rio
Contoso;Regular;13,33;28,99;1387;Telefone para Casa & Escrit�rio
Contoso;Regular;15,17;32,99;1388;Telefone para Casa & Escrit�rio
Contoso;Regular;16,55;35,99;1389;Telefone para Casa & Escrit�rio
Contoso;Regular;17,93;38,99;1390;Telefone para Casa & Escrit�rio
Contoso;Regular;18,39;39,99;1391;Telefone para Casa & Escrit�rio
Contoso;Luxo;14,24;42,99;1392;Telefone para Casa & Escrit�rio
Contoso;Luxo;15,57;46,99;1393;Telefone para Casa & Escrit�rio
Contoso;Luxo;16,56;49,99;1394;Telefone para Casa & Escrit�rio
Contoso;Regular;7,81;16,99;1395;Telefone para Casa & Escrit�rio
Contoso;Regular;10,57;22,99;1396;Telefone para Casa & Escrit�rio
Contoso;Regular;12,41;26,99;1397;Telefone para Casa & Escrit�rio
Contoso;Regular;13,33;28,99;1398;Telefone para Casa & Escrit�rio
Contoso;Regular;15,17;32,99;1399;Telefone para Casa & Escrit�rio
Contoso;Regular;16,55;35,99;1400;Telefone para Casa & Escrit�rio
Contoso;Regular;18,48;40,19;1401;Telefone para Casa & Escrit�rio
Contoso;Regular;20,15;43,81;1402;Telefone para Casa & Escrit�rio
Contoso;Regular;21,82;47,44;1403;Telefone para Casa & Escrit�rio
Contoso;Regular;15,17;32,99;1404;Telefone para Casa & Escrit�rio
Contoso;Regular;16,55;35,99;1405;Telefone para Casa & Escrit�rio
Contoso;Econ�mico;7,23;14,19;1406;Telefone para Casa & Escrit�rio
Contoso;Econ�mico;8,16;16;1407;Telefone para Casa & Escrit�rio
Contoso;Econ�mico;10,19;19,99;1256;Acess�rio para C�mera
Contoso;Econ�mico;20,39;39,99;1257;Acess�rio para C�mera
Contoso;Econ�mico;20,39;39,99;1258;Acess�rio para C�mera
Contoso;Econ�mico;3,54;6,95;1271;Acess�rio para C�mera
Contoso;Econ�mico;3,54;6,95;1272;Acess�rio para C�mera
Contoso;Econ�mico;3,54;6,95;1273;Acess�rio para C�mera
Contoso;Econ�mico;26,58;52,13;1274;Acess�rio para C�mera
Contoso;Econ�mico;26,58;52,13;1275;Acess�rio para C�mera
Contoso;Econ�mico;26,58;52,13;1276;Acess�rio para C�mera
Contoso;Econ�mico;26,58;52,13;1277;Acess�rio para C�mera
Contoso;Econ�mico;7,64;14,99;1278;Acess�rio para C�mera
Contoso;Econ�mico;7,64;14,99;1279;Acess�rio para C�mera
Contoso;Econ�mico;7,64;14,99;1280;Acess�rio para C�mera
Contoso;Econ�mico;7,64;14,99;1281;Acess�rio para C�mera
Contoso;Econ�mico;12,74;24,99;1282;Acess�rio para C�mera
Contoso;Econ�mico;25,49;49,99;1247;Acess�rio para C�mera
Contoso;Econ�mico;25,49;49,99;1248;Acess�rio para C�mera
Contoso;Econ�mico;25,49;49,99;1249;Acess�rio para C�mera
Contoso;Econ�mico;30,58;59,99;1250;Acess�rio para C�mera
Contoso;Econ�mico;30,58;59,99;1251;Acess�rio para C�mera
Contoso;Econ�mico;30,58;59,99;1252;Acess�rio para C�mera
Contoso;Econ�mico;10,19;19,99;1253;Acess�rio para C�mera
Contoso;Econ�mico;10,19;19,99;1254;Acess�rio para C�mera
Contoso;Econ�mico;10,19;19,99;1255;Acess�rio para C�mera
Contoso;Econ�mico;20,39;39,99;1259;Acess�rio para C�mera
Contoso;Econ�mico;18,86;36,99;1260;Acess�rio para C�mera
Contoso;Econ�mico;18,86;36,99;1261;Acess�rio para C�mera
Contoso;Econ�mico;18,86;36,99;1262;Acess�rio para C�mera
Contoso;Econ�mico;35,68;69,99;1263;Acess�rio para C�mera
Contoso;Econ�mico;35,68;69,99;1264;Acess�rio para C�mera
Contoso;Econ�mico;35,68;69,99;1265;Acess�rio para C�mera
Contoso;Econ�mico;25,47;49,96;1266;Acess�rio para C�mera
Contoso;Econ�mico;25,47;49,96;1267;Acess�rio para C�mera
Contoso;Econ�mico;25,47;49,96;1268;Acess�rio para C�mera
Contoso;Econ�mico;25,47;49,96;1269;Acess�rio para C�mera
Contoso;Econ�mico;3,54;6,95;1270;Acess�rio para C�mera
Contoso;Econ�mico;12,74;24,99;1283;Acess�rio para C�mera
Contoso;Econ�mico;12,74;24,99;1284;Acess�rio para C�mera
Contoso;Econ�mico;12,74;24,99;1285;Acess�rio para C�mera
Contoso;Econ�mico;39,76;77,99;1286;Acess�rio para C�mera
Contoso;Econ�mico;39,76;77,99;1287;Acess�rio para C�mera
Contoso;Econ�mico;39,76;77,99;1288;Acess�rio para C�mera
Contoso;Econ�mico;39,76;77,99;1289;Acess�rio para C�mera
Contoso;Luxo;121,45;366,55;1290;Acess�rio para C�mera
Contoso;Luxo;121,45;366,55;1291;Acess�rio para C�mera
Contoso;Luxo;121,45;366,55;1292;Acess�rio para C�mera
Contoso;Luxo;197,14;595;1293;Acess�rio para C�mera
Contoso;Luxo;197,14;595;1294;Acess�rio para C�mera
Contoso;Luxo;197,14;595;1295;Acess�rio para C�mera
Contoso;Regular;11,5;25;1296;Acess�rio para C�mera
Contoso;Regular;11,5;25;1297;Acess�rio para C�mera
Contoso;Regular;11,5;25;1298;Acess�rio para C�mera
Contoso;Regular;11,5;25;1299;Acess�rio para C�mera
Contoso;Regular;43,69;95;1300;Acess�rio para C�mera
Contoso;Regular;43,69;95;1301;Acess�rio para C�mera
Contoso;Regular;43,69;95;1302;Acess�rio para C�mera
Contoso;Regular;43,69;95;1303;Acess�rio para C�mera
Contoso;Regular;31,27;68;1304;Acess�rio para C�mera
Contoso;Regular;31,27;68;1305;Acess�rio para C�mera
Contoso;Regular;31,27;68;1306;Acess�rio para C�mera
Contoso;Regular;31,27;68;1307;Acess�rio para C�mera
Contoso;Econ�mico;14,28;28;1308;Acess�rio para C�mera
Contoso;Econ�mico;14,28;28;1309;Acess�rio para C�mera
Contoso;Econ�mico;14,28;28;1310;Acess�rio para C�mera
Contoso;Econ�mico;14,28;28;1311;Acess�rio para C�mera
Contoso;Regular;94,27;205;1312;Acess�rio para C�mera
Contoso;Regular;94,27;205;1313;Acess�rio para C�mera
Contoso;Regular;94,27;205;1314;Acess�rio para C�mera
Contoso;Regular;94,27;205;1315;Acess�rio para C�mera
Contoso;Econ�mico;6,62;12,99;1;Aparelho de Som
Contoso;Econ�mico;6,62;12,99;2;Aparelho de Som
Contoso;Econ�mico;7,4;14,52;3;Aparelho de Som
Contoso;Econ�mico;11;21,57;4;Aparelho de Som
Contoso;Econ�mico;11;21,57;5;Aparelho de Som
Contoso;Econ�mico;11;21,57;6;Aparelho de Som
Contoso;Econ�mico;11;21,57;7;Aparelho de Som
Contoso;Econ�mico;30,58;59,99;8;Aparelho de Som
Contoso;Econ�mico;30,58;59,99;9;Aparelho de Som
Contoso;Econ�mico;30,58;59,99;10;Aparelho de Som
Contoso;Econ�mico;30,58;59,99;11;Aparelho de Som
Contoso;Econ�mico;35,72;77,68;12;Aparelho de Som
Contoso;Econ�mico;35,72;77,68;13;Aparelho de Som
Contoso;Econ�mico;35,72;77,68;14;Aparelho de Som
Contoso;Econ�mico;35,72;77,68;15;Aparelho de Som
Contoso;Luxo;99,14;299,23;37;Aparelho de Som
Contoso;Luxo;99,14;299,23;38;Aparelho de Som
Contoso;Luxo;99,14;299,23;39;Aparelho de Som
Contoso;Luxo;99,14;299,23;40;Aparelho de Som
Contoso;Econ�mico;152,44;299;240;Home Theater
Contoso;Econ�mico;101,46;199;249;Home Theater
Contoso;Econ�mico;152,44;299;253;Home Theater
Contoso;Econ�mico;101,46;199;262;Home Theater
Contoso;Econ�mico;152,44;299;266;Home Theater
Contoso;Econ�mico;101,46;199;275;Home Theater
Contoso;Econ�mico;152,44;299;279;Home Theater
Contoso;Econ�mico;101,46;199;288;Home Theater
Contoso;Econ�mico;148,08;322;1106;C�mera Digital SLR
Contoso;Econ�mico;86,91;189;1468;Smartphone
Contoso;Econ�mico;91,97;200;1469;Smartphone
Contoso;Econ�mico;91,51;199;1465;Smartphone
Contoso;Luxo;760,38;2295;575;Projetor
Contoso;Luxo;827,97;2499;576;Projetor
Contoso;Econ�mico;62,95;190;584;Projetor
Contoso;Econ�mico;70,87;139;585;Projetor
Contoso;Econ�mico;55,57;109;586;Projetor
Contoso;Luxo;760,38;2295;587;Projetor
Contoso;Luxo;827,97;2499;588;Projetor
Contoso;Econ�mico;62,95;190;596;Projetor
Contoso;Econ�mico;70,87;139;597;Projetor
Contoso;Econ�mico;55,57;109;598;Projetor
Contoso;Luxo;760,38;2295;599;Projetor
Contoso;Luxo;827,97;2499;600;Projetor
Contoso;Econ�mico;62,95;190;608;Projetor
Contoso;Econ�mico;70,87;139;609;Projetor
Contoso;Econ�mico;55,57;109;610;Projetor
Contoso;Luxo;211,05;637;1076;C�mera Digital SLR
Contoso;Econ�mico;144,4;314;1078;C�mera Digital SLR
Contoso;Luxo;214,03;646;1080;C�mera Digital SLR
Contoso;Econ�mico;139,8;304;1082;C�mera Digital SLR
Contoso;Luxo;214,03;646;1084;C�mera Digital SLR
Contoso;Econ�mico;139,8;304;1086;C�mera Digital SLR
Contoso;Luxo;222,98;673;1088;C�mera Digital SLR
Contoso;Luxo;222,98;673;1092;C�mera Digital SLR
Contoso;Luxo;209,39;632;1096;C�mera Digital SLR
Contoso;Luxo;209,39;632;1100;C�mera Digital SLR
Contoso;Econ�mico;6,62;12,99;1621;Filme DVD
Contoso;Luxo;72,56;219;1622;Filme DVD
Contoso;Luxo;72,56;219;1623;Filme DVD
Contoso;Luxo;72,56;219;1624;Filme DVD
Contoso;Luxo;72,56;219;1625;Filme DVD
Contoso;Luxo;72,56;219;1626;Filme DVD
Contoso;Econ�mico;5,09;9,99;1629;Filme DVD
Contoso;Luxo;7,58;22,89;1630;Filme DVD
Contoso;Econ�mico;5,09;9,99;1634;Filme DVD
Contoso;Luxo;7,58;22,89;1635;Filme DVD
Contoso;Econ�mico;5,09;9,99;1639;Filme DVD
Contoso;Luxo;7,58;22,89;1640;Filme DVD
Contoso;Econ�mico;56,08;109,99;1648;Filme DVD
Contoso;Luxo;86,14;259,99;1649;Filme DVD
Contoso;Luxo;96,08;289,99;1650;Filme DVD
Contoso;Econ�mico;56,08;109,99;1653;Filme DVD
Contoso;Luxo;86,14;259,99;1654;Filme DVD
Contoso;Luxo;96,08;289,99;1655;Filme DVD
Contoso;Econ�mico;56,08;109,99;1658;Filme DVD
Contoso;Luxo;86,14;259,99;1659;Filme DVD
Contoso;Luxo;96,08;289,99;1660;Filme DVD
Contoso;Econ�mico;7,64;14,99;2488;Acess�rios para Telefone & Tablet
Contoso;Econ�mico;7,64;14,99;2489;Acess�rios para Telefone & Tablet
Contoso;Econ�mico;7,64;14,99;2490;Acess�rios para Telefone & Tablet
Contoso;Econ�mico;12,74;24,99;2491;Acess�rios para Telefone & Tablet
Contoso;Econ�mico;12,74;24,99;2492;Acess�rios para Telefone & Tablet
Contoso;Econ�mico;12,74;24,99;2493;Acess�rios para Telefone & Tablet
Contoso;Econ�mico;1,5;2,94;2494;Acess�rios para Telefone & Tablet
Contoso;Econ�mico;5,09;9,99;2495;Acess�rios para Telefone & Tablet
Contoso;Econ�mico;5,09;9,99;2496;Acess�rios para Telefone & Tablet
Contoso;Econ�mico;5,09;9,99;2497;Acess�rios para Telefone & Tablet
Contoso;Econ�mico;12,09;23,72;2498;Acess�rios para Telefone & Tablet
Contoso;Econ�mico;12,09;23,72;2499;Acess�rios para Telefone & Tablet
Contoso;Econ�mico;12,09;23,72;2500;Acess�rios para Telefone & Tablet
Contoso;Econ�mico;12,09;23,72;2501;Acess�rios para Telefone & Tablet
Contoso;Econ�mico;5,09;9,99;2502;Acess�rios para Telefone & Tablet
Contoso;Econ�mico;5,09;9,99;2503;Acess�rios para Telefone & Tablet
Contoso;Econ�mico;5,09;9,99;2504;Acess�rios para Telefone & Tablet
Contoso;Econ�mico;5,09;9,99;2505;Acess�rios para Telefone & Tablet
Contoso;Econ�mico;2,42;4,74;2506;Acess�rios para Telefone & Tablet
Contoso;Econ�mico;2,42;4,74;2507;Acess�rios para Telefone & Tablet
Contoso;Econ�mico;2,42;4,74;2508;Acess�rios para Telefone & Tablet
Contoso;Econ�mico;2,07;4,06;2509;Acess�rios para Telefone & Tablet
Contoso;Econ�mico;2,07;4,06;2510;Acess�rios para Telefone & Tablet
Contoso;Econ�mico;2,07;4,06;2511;Acess�rios para Telefone & Tablet
Contoso;Luxo;43,07;129,99;2512;Acess�rios para Telefone & Tablet
Contoso;Luxo;43,07;129,99;2513;Acess�rios para Telefone & Tablet
Contoso;Luxo;43,07;129,99;2514;Acess�rios para Telefone & Tablet
Contoso;Econ�mico;1,71;3,35;2515;Acess�rios para Telefone & Tablet
Contoso;Econ�mico;1,71;3,35;2516;Acess�rios para Telefone & Tablet
Contoso;Econ�mico;1,71;3,35;2517;Acess�rios para Telefone & Tablet
Contoso;Regular;50,56;109,95;16;Aparelho de Som
Contoso;Regular;50,56;109,95;17;Aparelho de Som
Contoso;Regular;50,56;109,95;18;Aparelho de Som
Contoso;Regular;50,56;109,95;19;Aparelho de Som
Contoso;Regular;61,62;134;20;Aparelho de Som
Contoso;Regular;61,62;134;21;Aparelho de Som
Contoso;Regular;61,62;134;22;Aparelho de Som
Contoso;Regular;61,62;134;23;Aparelho de Som
Contoso;Regular;91,93;199,9;24;Aparelho de Som
Contoso;Regular;91,93;199,9;25;Aparelho de Som
Contoso;Regular;91,93;199,9;26;Aparelho de Som
Contoso;Regular;91,93;199,9;27;Aparelho de Som
Contoso;Regular;91,93;199,9;28;Aparelho de Som
Contoso;Regular;84,49;255;29;Aparelho de Som
Contoso;Regular;84,49;255;30;Aparelho de Som
Contoso;Regular;84,49;255;31;Aparelho de Som
Contoso;Regular;84,49;255;32;Aparelho de Som
Contoso;Regular;84,49;255;33;Aparelho de Som
Contoso;Regular;48,92;95,95;34;Aparelho de Som
Contoso;Regular;48,92;95,95;35;Aparelho de Som
Contoso;Regular;48,92;95,95;36;Aparelho de Som
Contoso;Regular;106,69;232;41;Aparelho de Som
Contoso;Regular;106,69;232;42;Aparelho de Som
Contoso;Regular;106,69;232;43;Aparelho de Som
Contoso;Regular;106,69;232;44;Aparelho de Som
Contoso;Regular;106,69;232;45;Aparelho de Som
Contoso;Regular;167,73;329;241;Home Theater
Contoso;Regular;294,54;889;242;Home Theater
Contoso;Regular;208,52;409;243;Home Theater
Contoso;Regular;197,28;429;244;Home Theater
Contoso;Regular;224,87;489;245;Home Theater
Contoso;Regular;167,73;329;246;Home Theater
Contoso;Regular;155,89;339;247;Home Theater
Contoso;Regular;183,49;399;248;Home Theater
Contoso;Regular;243,27;529;250;Home Theater
Contoso;Regular;244,72;480;251;Home Theater
Contoso;Regular;183,54;360;252;Home Theater
Contoso;Regular;167,73;329;254;Home Theater
Contoso;Regular;294,54;889;255;Home Theater
Contoso;Regular;208,52;409;256;Home Theater
Contoso;Regular;197,28;429;257;Home Theater
Contoso;Regular;224,87;489;258;Home Theater
Contoso;Regular;167,73;329;259;Home Theater
Contoso;Regular;155,89;339;260;Home Theater
Contoso;Regular;183,49;399;261;Home Theater
Contoso;Regular;243,27;529;263;Home Theater
Contoso;Regular;244,72;480;264;Home Theater
Contoso;Regular;183,54;360;265;Home Theater
Contoso;Regular;167,73;329;267;Home Theater
Contoso;Regular;294,54;889;268;Home Theater
Contoso;Regular;208,52;409;269;Home Theater
Contoso;Regular;197,28;429;270;Home Theater
Contoso;Regular;224,87;489;271;Home Theater
Contoso;Regular;167,73;329;272;Home Theater
Contoso;Regular;155,89;339;273;Home Theater
Contoso;Regular;183,49;399;274;Home Theater
Contoso;Regular;243,27;529;276;Home Theater
Contoso;Regular;244,72;480;277;Home Theater
Contoso;Regular;183,54;360;278;Home Theater
Contoso;Regular;167,73;329;280;Home Theater
Contoso;Regular;294,54;889;281;Home Theater
Contoso;Regular;208,52;409;282;Home Theater
Contoso;Regular;197,28;429;283;Home Theater
Contoso;Regular;224,87;489;284;Home Theater
Contoso;Regular;167,73;329;285;Home Theater
Contoso;Regular;155,89;339;286;Home Theater
Contoso;Regular;183,49;399;287;Home Theater
Contoso;Regular;243,27;529;289;Home Theater
Contoso;Regular;244,72;480;290;Home Theater
Contoso;Regular;183,54;360;291;Home Theater
Contoso;Regular;157,73;343;1102;C�mera Digital SLR
Contoso;Regular;164,63;358;1103;C�mera Digital SLR
Contoso;Regular;141,47;427;1104;C�mera Digital SLR
Contoso;Regular;188,19;568;1105;C�mera Digital SLR
Contoso;Regular;164,63;358;1107;C�mera Digital SLR
Contoso;Regular;133,36;290;1466;Smartphone
Contoso;Regular;138,42;301;1467;Smartphone
Contoso;Regular;117,73;256;1459;Smartphone
Contoso;Regular;137,96;300;1460;Smartphone
Contoso;Regular;141,64;308;1461;Smartphone
Contoso;Regular;123,24;268;1462;Smartphone
Contoso;Regular;134,74;293;1463;Smartphone
Contoso;Regular;118,65;258;1464;Smartphone
Contoso;Regular;321,44;699;577;Projetor
Contoso;Regular;459,4;999;578;Projetor
Contoso;Regular;116,75;229;579;Projetor
Contoso;Regular;254,4;499;580;Projetor
Contoso;Regular;152,08;459;581;Projetor
Contoso;Regular;137,5;299;582;Projetor
Contoso;Regular;83,16;251;583;Projetor
Contoso;Regular;321,44;699;589;Projetor
Contoso;Regular;459,4;999;590;Projetor
Contoso;Regular;116,75;229;591;Projetor
Contoso;Regular;254,4;499;592;Projetor
Contoso;Regular;152,08;459;593;Projetor
Contoso;Regular;137,5;299;594;Projetor
Contoso;Regular;83,16;251;595;Projetor
Contoso;Regular;321,44;699;601;Projetor
Contoso;Regular;459,4;999;602;Projetor
Contoso;Regular;116,75;229;603;Projetor
Contoso;Regular;254,4;499;604;Projetor
Contoso;Regular;152,08;459;605;Projetor
Contoso;Regular;137,5;299;606;Projetor
Contoso;Regular;83,16;251;607;Projetor
Contoso;Regular;188,19;568;1077;C�mera Digital SLR
Contoso;Regular;164,63;358;1079;C�mera Digital SLR
Contoso;Regular;188,19;568;1081;C�mera Digital SLR
Contoso;Regular;164,63;358;1083;C�mera Digital SLR
Contoso;Regular;188,19;568;1085;C�mera Digital SLR
Contoso;Regular;164,63;358;1087;C�mera Digital SLR
Contoso;Regular;188,19;568;1089;C�mera Digital SLR
Contoso;Regular;152,68;332;1090;C�mera Digital SLR
Contoso;Regular;164,63;358;1091;C�mera Digital SLR
Contoso;Regular;188,19;568;1093;C�mera Digital SLR
Contoso;Regular;152,68;332;1094;C�mera Digital SLR
Contoso;Regular;164,63;358;1095;C�mera Digital SLR
Contoso;Regular;188,19;568;1097;C�mera Digital SLR
Contoso;Regular;157,73;343;1098;C�mera Digital SLR
Contoso;Regular;164,63;358;1099;C�mera Digital SLR
Contoso;Regular;188,19;568;1101;C�mera Digital SLR
Contoso;Regular;26,21;56,99;1616;Filme DVD
Contoso;Regular;26,67;57,99;1617;Filme DVD
Contoso;Regular;27,13;58,99;1618;Filme DVD
Contoso;Regular;27,59;59,99;1619;Filme DVD
Contoso;Regular;28,05;60,99;1620;Filme DVD
Contoso;Regular;8,27;17,99;1627;Filme DVD
Contoso;Regular;6,39;13,89;1628;Filme DVD
Contoso;Regular;5,82;12,66;1631;Filme DVD
Contoso;Regular;8,27;17,99;1632;Filme DVD
Contoso;Regular;6,39;13,89;1633;Filme DVD
Contoso;Regular;5,82;12,66;1636;Filme DVD
Contoso;Regular;8,27;17,99;1637;Filme DVD
Contoso;Regular;6,39;13,89;1638;Filme DVD
Contoso;Regular;5,82;12,66;1641;Filme DVD
Contoso;Regular;26,62;57,88;1642;Filme DVD
Contoso;Regular;26,62;57,88;1643;Filme DVD
Contoso;Regular;26,62;57,88;1644;Filme DVD
Contoso;Regular;26,62;57,88;1645;Filme DVD
Contoso;Regular;73,57;159,99;1646;Filme DVD
Contoso;Regular;82,77;179,99;1647;Filme DVD
Contoso;Regular;73,57;159,99;1651;Filme DVD
Contoso;Regular;82,77;179,99;1652;Filme DVD
Contoso;Regular;73,57;159,99;1656;Filme DVD
Contoso;Regular;82,77;179,99;1657;Filme DVD
Wide World Importers;Luxo;98,07;296;53;Caneta Gravadora
Wide World Importers;Luxo;98,07;296;54;Caneta Gravadora
Wide World Importers;Luxo;98,07;296;55;Caneta Gravadora
Wide World Importers;Luxo;98,07;296;56;Caneta Gravadora
Wide World Importers;Luxo;82,83;249,99;111;Fone de Ouvido Bluetooth
Wide World Importers;Luxo;82,83;249,99;112;Fone de Ouvido Bluetooth
Wide World Importers;Luxo;82,83;249,99;113;Fone de Ouvido Bluetooth
Wide World Importers;Luxo;82,83;249,99;114;Fone de Ouvido Bluetooth
Wide World Importers;Luxo;82,83;249,99;115;Fone de Ouvido Bluetooth
Adventure Works;Luxo;960,82;2899,99;145;Televis�o
Adventure Works;Luxo;960,82;2899,99;146;Televis�o
Adventure Works;Luxo;960,82;2899,99;147;Televis�o
Adventure Works;Luxo;960,82;2899,99;148;Televis�o
Adventure Works;Luxo;527,53;1592,2;161;Televis�o
Adventure Works;Luxo;527,53;1592,2;162;Televis�o
Adventure Works;Luxo;527,53;1592,2;163;Televis�o
Adventure Works;Luxo;527,53;1592,2;164;Televis�o
Southridge Video;Luxo;55,99;169;172;DVD
Southridge Video;Luxo;55,99;169;185;DVD
Litware;Luxo;367,43;1109;204;Home Theater
Litware;Luxo;367,43;1109;220;Home Theater
Litware;Luxo;367,43;1109;236;Home Theater
Wide World Importers;Luxo;827,97;2499;634;Projetor
A. Datum;Luxo;96,08;290;950;C�mera Digital
A. Datum;Luxo;143,26;281;951;C�mera Digital
The Phone Company;Luxo;142,56;310;1521;Tablet
The Phone Company;Luxo;125,9;380;1522;Tablet
The Phone Company;Luxo;151,76;330;1524;Tablet
The Phone Company;Luxo;133,19;402;1525;Tablet
The Phone Company;Luxo;100,06;302;1528;Tablet
The Phone Company;Luxo;128,88;389;1531;Tablet
Fabrikam;Luxo;530,11;1600;1156;C�mera e Filmadora
Fabrikam;Luxo;523,49;1580;1157;C�mera e Filmadora
Fabrikam;Luxo;516,86;1560;1158;C�mera e Filmadora
Fabrikam;Luxo;503,61;1520;1159;C�mera e Filmadora
Adventure Works;Luxo;321,05;969;428;Desktop
Adventure Works;Luxo;321,05;969;433;Desktop
Proseware;Luxo;75,54;228;690;Impressora, Scanner & Fax
Proseware;Luxo;78,19;236;691;Impressora, Scanner & Fax
Proseware;Luxo;82,17;248;692;Impressora, Scanner & Fax
Proseware;Luxo;75,87;229;693;Impressora, Scanner & Fax
A. Datum;Luxo;96,08;290;978;C�mera Digital
A. Datum;Luxo;143,26;281;979;C�mera Digital
Southridge Video;Luxo;330,99;999;302;Sistema Audivisual para Carro
Southridge Video;Luxo;287,92;869;303;Sistema Audivisual para Carro
Southridge Video;Luxo;330,99;999;318;Sistema Audivisual para Carro
Southridge Video;Luxo;287,92;869;319;Sistema Audivisual para Carro
Wide World Importers;Luxo;304,48;919;450;Desktop
Wide World Importers;Luxo;304,48;919;455;Desktop
Proseware;Luxo;271,35;819;461;Monitor
Proseware;Luxo;287,92;869;462;Monitor
Fabrikam;Luxo;213,7;645;1112;C�mera Digital SLR
Wide World Importers;Luxo;271,35;819;517;Monitor
Wide World Importers;Luxo;287,92;869;518;Monitor
The Phone Company;Luxo;142,56;310;1489;Tablet
Southridge Video;Luxo;330,99;999;334;Sistema Audivisual para Carro
Southridge Video;Luxo;287,92;869;335;Sistema Audivisual para Carro
Adventure Works;Luxo;430,38;1299;362;Laptop
Adventure Works;Luxo;430,38;1299;368;Laptop
Adventure Works;Luxo;430,38;1299;374;Laptop
Wide World Importers;Luxo;760,38;2295;622;Projetor
Wide World Importers;Luxo;827,97;2499;623;Projetor
Wide World Importers;Luxo;760,38;2295;633;Projetor
Adventure Works;Luxo;430,38;1299;380;Laptop
Adventure Works;Luxo;430,38;1299;386;Laptop
Wide World Importers;Luxo;430,38;1299;390;Laptop
Wide World Importers;Luxo;430,38;1299;396;Laptop
Wide World Importers;Luxo;430,38;1299;402;Laptop
Proseware;Luxo;430,38;1299;404;Laptop
Proseware;Luxo;430,38;1299;410;Laptop
Adventure Works;Luxo;321,05;969;416;Desktop
Adventure Works;Luxo;321,05;969;422;Desktop
Wide World Importers;Luxo;304,48;919;438;Desktop
Wide World Importers;Luxo;304,48;919;444;Desktop
Proseware;Luxo;271,35;819;475;Monitor
Proseware;Luxo;287,92;869;476;Monitor
Adventure Works;Luxo;271,35;819;489;Monitor
Adventure Works;Luxo;287,92;869;490;Monitor
Adventure Works;Luxo;271,35;819;503;Monitor
Adventure Works;Luxo;287,92;869;504;Monitor
Wide World Importers;Luxo;271,35;819;528;Monitor
Wide World Importers;Luxo;287,92;869;529;Monitor
Proseware;Luxo;760,38;2295;539;Projetor
Proseware;Luxo;827,97;2499;540;Projetor
Proseware;Luxo;760,38;2295;551;Projetor
Proseware;Luxo;827,97;2499;552;Projetor
Proseware;Luxo;760,38;2295;563;Projetor
Proseware;Luxo;827,97;2499;564;Projetor
Wide World Importers;Luxo;760,38;2295;611;Projetor
Wide World Importers;Luxo;827,97;2499;612;Projetor
Proseware;Luxo;75,54;228;661;Impressora, Scanner & Fax
Proseware;Luxo;78,19;236;662;Impressora, Scanner & Fax
Proseware;Luxo;82,17;248;663;Impressora, Scanner & Fax
Proseware;Luxo;75,87;229;664;Impressora, Scanner & Fax
Proseware;Luxo;75,54;228;719;Impressora, Scanner & Fax
Proseware;Luxo;78,19;236;720;Impressora, Scanner & Fax
Proseware;Luxo;82,17;248;721;Impressora, Scanner & Fax
Proseware;Luxo;75,87;229;722;Impressora, Scanner & Fax
Proseware;Luxo;75,54;228;738;Impressora, Scanner & Fax
Proseware;Luxo;78,19;236;739;Impressora, Scanner & Fax
Proseware;Luxo;82,17;248;740;Impressora, Scanner & Fax
Proseware;Luxo;75,87;229;741;Impressora, Scanner & Fax
Southridge Video;Luxo;59,31;179;915;Acess�rio para Computador
Southridge Video;Luxo;59,31;179;916;Acess�rio para Computador
Southridge Video;Luxo;59,31;179;917;Acess�rio para Computador
Southridge Video;Luxo;59,31;179;918;Acess�rio para Computador
A. Datum;Luxo;96,08;290;964;C�mera Digital
A. Datum;Luxo;143,26;281;965;C�mera Digital
A. Datum;Luxo;96,08;290;992;C�mera Digital
A. Datum;Luxo;143,26;281;993;C�mera Digital
A. Datum;Luxo;96,08;290;1006;C�mera Digital
A. Datum;Luxo;143,26;281;1007;C�mera Digital
A. Datum;Luxo;96,08;290;1020;C�mera Digital
A. Datum;Luxo;143,26;281;1021;C�mera Digital
A. Datum;Luxo;96,08;290;1034;C�mera Digital
A. Datum;Luxo;143,26;281;1035;C�mera Digital
Fabrikam;Luxo;213,7;645;1116;C�mera Digital SLR
Fabrikam;Luxo;217,68;657;1120;C�mera Digital SLR
Fabrikam;Luxo;530,11;1600;1180;C�mera e Filmadora
Fabrikam;Luxo;523,49;1580;1181;C�mera e Filmadora
Fabrikam;Luxo;516,86;1560;1182;C�mera e Filmadora
Fabrikam;Luxo;503,61;1520;1183;C�mera e Filmadora
Fabrikam;Luxo;530,11;1600;1204;C�mera e Filmadora
Fabrikam;Luxo;523,49;1580;1205;C�mera e Filmadora
Fabrikam;Luxo;516,86;1560;1206;C�mera e Filmadora
Fabrikam;Luxo;503,61;1520;1207;C�mera e Filmadora
The Phone Company;Luxo;175,27;529;1425;Smartphone
The Phone Company;Luxo;195,15;589;1426;Smartphone
Fabrikam;Luxo;217,68;657;1124;C�mera Digital SLR
Fabrikam;Luxo;536,74;1620;1228;C�mera e Filmadora
Fabrikam;Luxo;516,86;1560;1229;C�mera e Filmadora
Fabrikam;Luxo;506,92;1530;1230;C�mera e Filmadora
Fabrikam;Luxo;496,98;1500;1231;C�mera e Filmadora
The Phone Company;Luxo;133,19;402;1543;Tablet
The Phone Company;Luxo;100,06;302;1546;Tablet
The Phone Company;Luxo;128,88;389;1549;Tablet
The Phone Company;Luxo;131,87;398;1552;Tablet
The Phone Company;Luxo;131,87;398;1570;Tablet
Southridge Video;Luxo;72,56;219;1577;Filme DVD
Southridge Video;Luxo;72,56;219;1578;Filme DVD
Southridge Video;Luxo;72,56;219;1579;Filme DVD
Southridge Video;Luxo;72,56;219;1580;Filme DVD
Southridge Video;Luxo;72,56;219;1581;Filme DVD
Southridge Video;Luxo;7,58;22,89;1585;Filme DVD
Southridge Video;Luxo;7,58;22,89;1590;Filme DVD
Southridge Video;Luxo;7,58;22,89;1595;Filme DVD
The Phone Company;Luxo;142,56;310;1479;Tablet
The Phone Company;Luxo;175,27;529;1408;Smartphone
The Phone Company;Luxo;195,15;589;1409;Smartphone
The Phone Company;Luxo;175,27;529;1442;Smartphone
The Phone Company;Luxo;195,15;589;1443;Smartphone
The Phone Company;Luxo;142,56;310;1499;Tablet
The Phone Company;Luxo;142,56;310;1509;Tablet
The Phone Company;Luxo;142,56;310;1519;Tablet
The Phone Company;Luxo;131,87;398;1534;Tablet
The Phone Company;Luxo;121,93;368;1537;Tablet
The Phone Company;Luxo;142,56;310;1539;Tablet
The Phone Company;Luxo;125,9;380;1540;Tablet
The Phone Company;Luxo;151,76;330;1542;Tablet
The Phone Company;Luxo;121,93;368;1555;Tablet
The Phone Company;Luxo;142,56;310;1557;Tablet
The Phone Company;Luxo;125,9;380;1558;Tablet
The Phone Company;Luxo;151,76;330;1560;Tablet
The Phone Company;Luxo;133,19;402;1561;Tablet
The Phone Company;Luxo;100,06;302;1564;Tablet
The Phone Company;Luxo;128,88;389;1567;Tablet
Southridge Video;Luxo;86,14;259,99;1604;Filme DVD
Southridge Video;Luxo;96,08;289,99;1605;Filme DVD
Southridge Video;Luxo;86,14;259,99;1609;Filme DVD
Southridge Video;Luxo;96,08;289,99;1610;Filme DVD
Southridge Video;Luxo;86,14;259,99;1614;Filme DVD
Southridge Video;Luxo;96,08;289,99;1615;Filme DVD
Wide World Importers;Econ�mico;76,45;149,95;46;Caneta Gravadora
Wide World Importers;Econ�mico;76,45;149,95;47;Caneta Gravadora
Wide World Importers;Econ�mico;76,45;149,95;48;Caneta Gravadora
Wide World Importers;Econ�mico;79,53;156;57;Caneta Gravadora
Wide World Importers;Econ�mico;79,53;156;58;Caneta Gravadora
Wide World Importers;Econ�mico;79,53;156;59;Caneta Gravadora
Wide World Importers;Econ�mico;79,53;156;60;Caneta Gravadora
Northwind Traders;Econ�mico;13,1;25,69;66;Fone de Ouvido Bluetooth
Northwind Traders;Econ�mico;13,1;25,69;67;Fone de Ouvido Bluetooth
Northwind Traders;Econ�mico;13,1;25,69;68;Fone de Ouvido Bluetooth
Northwind Traders;Econ�mico;13,1;25,69;69;Fone de Ouvido Bluetooth
Northwind Traders;Econ�mico;22,05;47,95;70;Fone de Ouvido Bluetooth
Northwind Traders;Econ�mico;22,05;47,95;71;Fone de Ouvido Bluetooth
Northwind Traders;Econ�mico;22,05;47,95;72;Fone de Ouvido Bluetooth
Northwind Traders;Econ�mico;22,05;47,95;73;Fone de Ouvido Bluetooth
Northwind Traders;Econ�mico;17,45;37,95;74;Fone de Ouvido Bluetooth
Northwind Traders;Econ�mico;17,45;37,95;75;Fone de Ouvido Bluetooth
Northwind Traders;Econ�mico;17,45;37,95;76;Fone de Ouvido Bluetooth
Northwind Traders;Econ�mico;17,45;37,95;77;Fone de Ouvido Bluetooth
Northwind Traders;Econ�mico;18,65;40,55;78;Fone de Ouvido Bluetooth
Northwind Traders;Econ�mico;18,65;40,55;79;Fone de Ouvido Bluetooth
Northwind Traders;Econ�mico;18,65;40,55;80;Fone de Ouvido Bluetooth
Northwind Traders;Econ�mico;18,65;40,55;81;Fone de Ouvido Bluetooth
Northwind Traders;Econ�mico;18,65;40,55;82;Fone de Ouvido Bluetooth
Wide World Importers;Econ�mico;34,36;67,4;93;Fone de Ouvido Bluetooth
Wide World Importers;Econ�mico;34,36;67,4;94;Fone de Ouvido Bluetooth
Wide World Importers;Econ�mico;34,36;67,4;95;Fone de Ouvido Bluetooth
Wide World Importers;Econ�mico;34,36;67,4;96;Fone de Ouvido Bluetooth
Wide World Importers;Econ�mico;34,36;67,4;97;Fone de Ouvido Bluetooth
Adventure Works;Econ�mico;86,67;169,99;116;Televis�o
Adventure Works;Econ�mico;86,67;169,99;117;Televis�o
Adventure Works;Econ�mico;86,67;169,99;118;Televis�o
Adventure Works;Econ�mico;61,17;119,99;119;Televis�o
Adventure Works;Econ�mico;61,17;119,99;120;Televis�o
Adventure Works;Econ�mico;61,17;119,99;121;Televis�o
Adventure Works;Econ�mico;73,11;143,4;125;Televis�o
Adventure Works;Econ�mico;73,11;143,4;126;Televis�o
Adventure Works;Econ�mico;73,11;143,4;127;Televis�o
Adventure Works;Econ�mico;73,11;143,4;128;Televis�o
Adventure Works;Econ�mico;101,97;200;129;Televis�o
Adventure Works;Econ�mico;101,97;200;130;Televis�o
Adventure Works;Econ�mico;101,97;200;131;Televis�o
Adventure Works;Econ�mico;101,97;200;132;Televis�o
Southridge Video;Econ�mico;35,18;69;167;DVD
Southridge Video;Econ�mico;45,53;99;171;DVD
Southridge Video;Econ�mico;45,83;89,9;173;DVD
Southridge Video;Econ�mico;29,01;56,9;177;DVD
Southridge Video;Econ�mico;33,65;66;178;DVD
Southridge Video;Econ�mico;35,18;69;180;DVD
Southridge Video;Econ�mico;45,53;99;184;DVD
Southridge Video;Econ�mico;45,83;89,9;186;DVD
Southridge Video;Econ�mico;29,01;56,9;190;DVD
Southridge Video;Econ�mico;33,65;66;191;DVD
Litware;Econ�mico;152,44;299;194;Home Theater
Litware;Econ�mico;137,6;269,9;196;Home Theater
Litware;Econ�mico;152,9;299,9;197;Home Theater
Litware;Econ�mico;152,44;299;210;Home Theater
Litware;Econ�mico;137,6;269,9;212;Home Theater
Litware;Econ�mico;152,9;299,9;213;Home Theater
Litware;Econ�mico;152,44;299;226;Home Theater
Litware;Econ�mico;137,6;269,9;228;Home Theater
Litware;Econ�mico;152,9;299,9;229;Home Theater
Southridge Video;Econ�mico;30,58;59,99;891;Acess�rio para Computador
Southridge Video;Econ�mico;30,58;59,99;892;Acess�rio para Computador
Southridge Video;Econ�mico;30,58;59,99;893;Acess�rio para Computador
Southridge Video;Econ�mico;30,58;59,99;894;Acess�rio para Computador
Southridge Video;Econ�mico;21,28;41,73;895;Acess�rio para Computador
Southridge Video;Econ�mico;21,28;41,73;896;Acess�rio para Computador
Southridge Video;Econ�mico;21,28;41,73;897;Acess�rio para Computador
Southridge Video;Econ�mico;21,28;41,73;898;Acess�rio para Computador
Proseware;Econ�mico;40,28;79;644;Impressora, Scanner & Fax
Proseware;Econ�mico;44,36;87;647;Impressora, Scanner & Fax
Proseware;Econ�mico;40,28;79;648;Impressora, Scanner & Fax
Proseware;Econ�mico;46,39;91;649;Impressora, Scanner & Fax
Proseware;Econ�mico;39,77;78;650;Impressora, Scanner & Fax
A. Datum;Econ�mico;75,88;165;947;C�mera Digital
Southridge Video;Econ�mico;22,43;44;902;Acess�rio para Computador
Southridge Video;Econ�mico;38,74;75,99;903;Acess�rio para Computador
Southridge Video;Econ�mico;38,74;75,99;904;Acess�rio para Computador
Southridge Video;Econ�mico;38,74;75,99;905;Acess�rio para Computador
Southridge Video;Econ�mico;38,74;75,99;906;Acess�rio para Computador
Southridge Video;Econ�mico;52;102;907;Acess�rio para Computador
Southridge Video;Econ�mico;52;102;908;Acess�rio para Computador
Southridge Video;Econ�mico;52;102;909;Acess�rio para Computador
Southridge Video;Econ�mico;52;102;910;Acess�rio para Computador
Fabrikam;Econ�mico;91,77;180;1164;C�mera e Filmadora
Fabrikam;Econ�mico;86,67;170;1165;C�mera e Filmadora
Fabrikam;Econ�mico;84,12;165;1166;C�mera e Filmadora
Fabrikam;Econ�mico;81,57;160;1167;C�mera e Filmadora
Southridge Video;Econ�mico;142,24;279;327;Sistema Audivisual para Carro
Southridge Video;Econ�mico;132,05;259;328;Sistema Audivisual para Carro
Southridge Video;Econ�mico;137,14;269;329;Sistema Audivisual para Carro
Southridge Video;Econ�mico;101,46;199;331;Sistema Audivisual para Carro
Southridge Video;Econ�mico;111,65;219;332;Sistema Audivisual para Carro
Southridge Video;Econ�mico;17,33;33,99;927;Acess�rio para Computador
Southridge Video;Econ�mico;17,33;33,99;928;Acess�rio para Computador
Southridge Video;Econ�mico;17,33;33,99;929;Acess�rio para Computador
Southridge Video;Econ�mico;17,33;33,99;930;Acess�rio para Computador
Southridge Video;Econ�mico;28,04;55;931;Acess�rio para Computador
Southridge Video;Econ�mico;28,04;55;932;Acess�rio para Computador
Southridge Video;Econ�mico;28,04;55;933;Acess�rio para Computador
Southridge Video;Econ�mico;50,47;99;938;Acess�rio para Computador
Southridge Video;Econ�mico;50,47;99;939;Acess�rio para Computador
Southridge Video;Econ�mico;50,47;99;940;Acess�rio para Computador
Southridge Video;Econ�mico;21,41;41,99;941;Acess�rio para Computador
Southridge Video;Econ�mico;21,41;41,99;942;Acess�rio para Computador
Southridge Video;Econ�mico;21,41;41,99;943;Acess�rio para Computador
A. Datum;Econ�mico;59,32;129;944;C�mera Digital
A. Datum;Econ�mico;68,06;148;946;C�mera Digital
A. Datum;Econ�mico;59,32;129;958;C�mera Digital
A. Datum;Econ�mico;68,06;148;960;C�mera Digital
Adventure Works;Econ�mico;137,63;269,95;430;Desktop
Adventure Works;Econ�mico;137,63;269,95;435;Desktop
Proseware;Econ�mico;40,28;79;677;Impressora, Scanner & Fax
Proseware;Econ�mico;46,39;91;678;Impressora, Scanner & Fax
Proseware;Econ�mico;39,77;78;679;Impressora, Scanner & Fax
Proseware;Econ�mico;52;102;694;Impressora, Scanner & Fax
A. Datum;Econ�mico;59,32;129;972;C�mera Digital
A. Datum;Econ�mico;68,06;148;974;C�mera Digital
A. Datum;Econ�mico;75,88;165;975;C�mera Digital
A. Datum;Econ�mico;59,32;129;986;C�mera Digital
A. Datum;Econ�mico;68,06;148;988;C�mera Digital
A. Datum;Econ�mico;75,88;165;989;C�mera Digital
Fabrikam;Econ�mico;91,77;180;1212;C�mera e Filmadora
Fabrikam;Econ�mico;86,67;170;1213;C�mera e Filmadora
Fabrikam;Econ�mico;84,12;165;1214;C�mera e Filmadora
Fabrikam;Econ�mico;81,57;160;1215;C�mera e Filmadora
Southridge Video;Econ�mico;142,24;279;295;Sistema Audivisual para Carro
Southridge Video;Econ�mico;132,05;259;296;Sistema Audivisual para Carro
Southridge Video;Econ�mico;137,14;269;297;Sistema Audivisual para Carro
Southridge Video;Econ�mico;101,46;199;299;Sistema Audivisual para Carro
Southridge Video;Econ�mico;111,65;219;300;Sistema Audivisual para Carro
Southridge Video;Econ�mico;142,24;279;311;Sistema Audivisual para Carro
Southridge Video;Econ�mico;132,05;259;312;Sistema Audivisual para Carro
Southridge Video;Econ�mico;137,14;269;313;Sistema Audivisual para Carro
Southridge Video;Econ�mico;101,46;199;315;Sistema Audivisual para Carro
Southridge Video;Econ�mico;111,65;219;316;Sistema Audivisual para Carro
Wide World Importers;Econ�mico;117,21;229,9;447;Desktop
Wide World Importers;Econ�mico;137,6;269,9;448;Desktop
Wide World Importers;Econ�mico;112,14;219,95;452;Desktop
Wide World Importers;Econ�mico;117,21;229,9;453;Desktop
Wide World Importers;Econ�mico;137,6;269,9;454;Desktop
Wide World Importers;Econ�mico;112,14;219,95;457;Desktop
Wide World Importers;Econ�mico;117,21;229,9;458;Desktop
Wide World Importers;Econ�mico;137,6;269,9;459;Desktop
Wide World Importers;Econ�mico;152,9;299,9;460;Desktop
Proseware;Econ�mico;63,92;139;467;Monitor
Fabrikam;Econ�mico;138,88;302;1110;C�mera Digital SLR
Fabrikam;Econ�mico;150,84;328;1111;C�mera Digital SLR
Adventure Works;Econ�mico;22,86;69;514;Monitor
Adventure Works;Econ�mico;30,08;59;515;Monitor
Adventure Works;Econ�mico;29,82;90;516;Monitor
Wide World Importers;Econ�mico;70,87;139;523;Monitor
The Phone Company;Econ�mico;65,77;129;1470;Tablet
The Phone Company;Econ�mico;86,91;189;1457;Smartphone
The Phone Company;Econ�mico;91,97;200;1458;Smartphone
The Phone Company;Econ�mico;65,77;129;1490;Tablet
Fabrikam;Econ�mico;171,3;336;351;Laptop
Fabrikam;Econ�mico;163,15;320;352;Laptop
Fabrikam;Econ�mico;168,24;330;357;Laptop
Fabrikam;Econ�mico;166,2;326;358;Laptop
Adventure Works;Econ�mico;166,2;326;367;Laptop
Adventure Works;Econ�mico;166,2;326;373;Laptop
Adventure Works;Econ�mico;166,2;326;379;Laptop
Wide World Importers;Econ�mico;87,37;190;620;Projetor
Wide World Importers;Econ�mico;70,87;139;621;Projetor
Wide World Importers;Econ�mico;87,37;190;631;Projetor
Wide World Importers;Econ�mico;70,87;139;632;Projetor
Adventure Works;Econ�mico;166,2;326;385;Laptop
Wide World Importers;Econ�mico;166,2;326;395;Laptop
Wide World Importers;Econ�mico;166,2;326;401;Laptop
Proseware;Econ�mico;166,2;326;409;Laptop
Proseware;Econ�mico;166,2;326;415;Laptop
Adventure Works;Econ�mico;137,63;269,95;418;Desktop
Adventure Works;Econ�mico;137,63;269,95;424;Desktop
Wide World Importers;Econ�mico;112,14;219,95;440;Desktop
Wide World Importers;Econ�mico;117,21;229,9;441;Desktop
Wide World Importers;Econ�mico;137,6;269,9;442;Desktop
Wide World Importers;Econ�mico;112,14;219,95;446;Desktop
Proseware;Econ�mico;50,47;99;469;Monitor
Proseware;Econ�mico;65,77;129;470;Monitor
Proseware;Econ�mico;50,47;99;471;Monitor
Proseware;Econ�mico;35,18;69;472;Monitor
Proseware;Econ�mico;30,08;59;473;Monitor
Proseware;Econ�mico;24,98;49;474;Monitor
Proseware;Econ�mico;63,92;139;481;Monitor
Proseware;Econ�mico;50,47;99;483;Monitor
Proseware;Econ�mico;65,77;129;484;Monitor
Proseware;Econ�mico;50,47;99;485;Monitor
Proseware;Econ�mico;35,18;69;486;Monitor
Proseware;Econ�mico;30,08;59;487;Monitor
Proseware;Econ�mico;24,98;49;488;Monitor
Adventure Works;Econ�mico;70,87;139;495;Monitor
Adventure Works;Econ�mico;50,47;99;497;Monitor
Adventure Works;Econ�mico;65,77;129;498;Monitor
Adventure Works;Econ�mico;50,47;99;499;Monitor
Adventure Works;Econ�mico;22,86;69;500;Monitor
Adventure Works;Econ�mico;30,08;59;501;Monitor
Adventure Works;Econ�mico;29,82;90;502;Monitor
Adventure Works;Econ�mico;70,87;139;509;Monitor
Adventure Works;Econ�mico;50,47;99;511;Monitor
Adventure Works;Econ�mico;65,77;129;512;Monitor
Adventure Works;Econ�mico;50,47;99;513;Monitor
Wide World Importers;Econ�mico;50,47;99;525;Monitor
Wide World Importers;Econ�mico;65,77;129;526;Monitor
Wide World Importers;Econ�mico;50,47;99;527;Monitor
Wide World Importers;Econ�mico;70,87;139;534;Monitor
Wide World Importers;Econ�mico;50,47;99;536;Monitor
Wide World Importers;Econ�mico;65,77;129;537;Monitor
Wide World Importers;Econ�mico;50,47;99;538;Monitor
Proseware;Econ�mico;87,37;190;548;Projetor
Proseware;Econ�mico;70,87;139;549;Projetor
Proseware;Econ�mico;55,57;109;550;Projetor
Proseware;Econ�mico;87,37;190;560;Projetor
Proseware;Econ�mico;70,87;139;561;Projetor
Proseware;Econ�mico;55,57;109;562;Projetor
Proseware;Econ�mico;87,37;190;572;Projetor
Proseware;Econ�mico;70,87;139;573;Projetor
Proseware;Econ�mico;55,57;109;574;Projetor
Proseware;Econ�mico;52;102;665;Impressora, Scanner & Fax
Proseware;Econ�mico;40,28;79;673;Impressora, Scanner & Fax
Proseware;Econ�mico;44,36;87;676;Impressora, Scanner & Fax
Proseware;Econ�mico;40,28;79;702;Impressora, Scanner & Fax
Proseware;Econ�mico;44,36;87;705;Impressora, Scanner & Fax
Proseware;Econ�mico;40,28;79;706;Impressora, Scanner & Fax
Proseware;Econ�mico;46,39;91;707;Impressora, Scanner & Fax
Proseware;Econ�mico;39,77;78;708;Impressora, Scanner & Fax
Proseware;Econ�mico;52;102;723;Impressora, Scanner & Fax
Proseware;Econ�mico;52;102;742;Impressora, Scanner & Fax
Southridge Video;Econ�mico;22,43;44;899;Acess�rio para Computador
Southridge Video;Econ�mico;22,43;44;900;Acess�rio para Computador
Southridge Video;Econ�mico;22,43;44;901;Acess�rio para Computador
Southridge Video;Econ�mico;0,48;0,95;919;Acess�rio para Computador
Southridge Video;Econ�mico;0,48;0,95;920;Acess�rio para Computador
Southridge Video;Econ�mico;0,48;0,95;921;Acess�rio para Computador
Southridge Video;Econ�mico;0,48;0,95;922;Acess�rio para Computador
Southridge Video;Econ�mico;1,01;1,99;923;Acess�rio para Computador
Southridge Video;Econ�mico;1,01;1,99;924;Acess�rio para Computador
Southridge Video;Econ�mico;1,01;1,99;925;Acess�rio para Computador
Southridge Video;Econ�mico;1,01;1,99;926;Acess�rio para Computador
A. Datum;Econ�mico;75,88;165;961;C�mera Digital
A. Datum;Econ�mico;59,32;129;1000;C�mera Digital
A. Datum;Econ�mico;68,06;148;1002;C�mera Digital
A. Datum;Econ�mico;75,88;165;1003;C�mera Digital
A. Datum;Econ�mico;59,32;129;1014;C�mera Digital
A. Datum;Econ�mico;68,06;148;1016;C�mera Digital
A. Datum;Econ�mico;75,88;165;1017;C�mera Digital
A. Datum;Econ�mico;59,32;129;1028;C�mera Digital
A. Datum;Econ�mico;68,06;148;1030;C�mera Digital
A. Datum;Econ�mico;75,88;165;1031;C�mera Digital
A. Datum;Econ�mico;143,48;312;1046;C�mera Digital SLR
A. Datum;Econ�mico;143,48;312;1050;C�mera Digital SLR
A. Datum;Econ�mico;143,48;312;1054;C�mera Digital SLR
A. Datum;Econ�mico;143,48;312;1058;C�mera Digital SLR
A. Datum;Econ�mico;143,48;312;1062;C�mera Digital SLR
A. Datum;Econ�mico;143,48;312;1066;C�mera Digital SLR
A. Datum;Econ�mico;143,48;312;1070;C�mera Digital SLR
A. Datum;Econ�mico;143,48;312;1074;C�mera Digital SLR
Fabrikam;Econ�mico;150,84;328;1115;C�mera Digital SLR
Fabrikam;Econ�mico;150,84;328;1119;C�mera Digital SLR
Fabrikam;Econ�mico;150,84;328;1123;C�mera Digital SLR
Fabrikam;Econ�mico;91,77;180;1188;C�mera e Filmadora
Fabrikam;Econ�mico;86,67;170;1189;C�mera e Filmadora
Fabrikam;Econ�mico;84,12;165;1190;C�mera e Filmadora
Fabrikam;Econ�mico;81,57;160;1191;C�mera e Filmadora
The Phone Company;Econ�mico;86,91;189;1423;Smartphone
The Phone Company;Econ�mico;91,97;200;1424;Smartphone
Fabrikam;Econ�mico;150,84;328;1127;C�mera Digital SLR
Fabrikam;Econ�mico;146,7;319;1130;C�mera Digital SLR
Fabrikam;Econ�mico;150,84;328;1131;C�mera Digital SLR
Fabrikam;Econ�mico;146,7;319;1134;C�mera Digital SLR
Fabrikam;Econ�mico;150,84;328;1135;C�mera Digital SLR
Fabrikam;Econ�mico;150,84;328;1139;C�mera Digital SLR
Fabrikam;Econ�mico;150,84;328;1143;C�mera Digital SLR
Fabrikam;Econ�mico;95,85;188;1236;C�mera e Filmadora
Fabrikam;Econ�mico;90,75;178;1237;C�mera e Filmadora
Fabrikam;Econ�mico;85,65;168;1238;C�mera e Filmadora
Fabrikam;Econ�mico;80,55;158;1239;C�mera e Filmadora
Fabrikam;Econ�mico;95,85;188;1243;C�mera e Filmadora
Fabrikam;Econ�mico;90,75;178;1244;C�mera e Filmadora
Fabrikam;Econ�mico;85,65;168;1245;C�mera e Filmadora
Fabrikam;Econ�mico;80,55;158;1246;C�mera e Filmadora
The Phone Company;Econ�mico;65,77;129;1480;Tablet
Southridge Video;Econ�mico;6,62;12,99;1576;Filme DVD
Southridge Video;Econ�mico;5,09;9,99;1584;Filme DVD
Southridge Video;Econ�mico;5,09;9,99;1589;Filme DVD
Southridge Video;Econ�mico;5,09;9,99;1594;Filme DVD
The Phone Company;Econ�mico;91,51;199;1420;Smartphone
The Phone Company;Econ�mico;91,51;199;1437;Smartphone
The Phone Company;Econ�mico;86,91;189;1440;Smartphone
The Phone Company;Econ�mico;91,97;200;1441;Smartphone
The Phone Company;Econ�mico;91,51;199;1454;Smartphone
The Phone Company;Econ�mico;65,77;129;1500;Tablet
The Phone Company;Econ�mico;65,77;129;1510;Tablet
Southridge Video;Econ�mico;56,08;109,99;1603;Filme DVD
Southridge Video;Econ�mico;56,08;109,99;1608;Filme DVD
Southridge Video;Econ�mico;56,08;109,99;1613;Filme DVD
Wide World Importers;Regular;91,95;199,95;49;Caneta Gravadora
Wide World Importers;Regular;91,95;199,95;50;Caneta Gravadora
Wide World Importers;Regular;91,95;199,95;51;Caneta Gravadora
Wide World Importers;Regular;91,95;199,95;52;Caneta Gravadora
Wide World Importers;Regular;83,24;181;61;Caneta Gravadora
Wide World Importers;Regular;83,24;181;62;Caneta Gravadora
Wide World Importers;Regular;83,24;181;63;Caneta Gravadora
Wide World Importers;Regular;83,24;181;64;Caneta Gravadora
Wide World Importers;Regular;83,24;181;65;Caneta Gravadora
Northwind Traders;Regular;45,98;99,99;83;Fone de Ouvido Bluetooth
Northwind Traders;Regular;45,98;99,99;84;Fone de Ouvido Bluetooth
Northwind Traders;Regular;45,98;99,99;85;Fone de Ouvido Bluetooth
Northwind Traders;Regular;45,98;99,99;86;Fone de Ouvido Bluetooth
Northwind Traders;Regular;45,98;99,99;87;Fone de Ouvido Bluetooth
Northwind Traders;Regular;49,69;149,99;88;Fone de Ouvido Bluetooth
Northwind Traders;Regular;49,69;149,99;89;Fone de Ouvido Bluetooth
Northwind Traders;Regular;49,69;149,99;90;Fone de Ouvido Bluetooth
Northwind Traders;Regular;49,69;149,99;91;Fone de Ouvido Bluetooth
Northwind Traders;Regular;49,69;149,99;92;Fone de Ouvido Bluetooth
Wide World Importers;Regular;55,18;120;98;Fone de Ouvido Bluetooth
Wide World Importers;Regular;55,18;120;99;Fone de Ouvido Bluetooth
Wide World Importers;Regular;55,18;120;100;Fone de Ouvido Bluetooth
Wide World Importers;Regular;55,18;120;101;Fone de Ouvido Bluetooth
Wide World Importers;Regular;52,88;115;102;Fone de Ouvido Bluetooth
Wide World Importers;Regular;52,88;115;103;Fone de Ouvido Bluetooth
Wide World Importers;Regular;52,88;115;104;Fone de Ouvido Bluetooth
Wide World Importers;Regular;52,88;115;105;Fone de Ouvido Bluetooth
Wide World Importers;Regular;61,16;132,99;106;Fone de Ouvido Bluetooth
Wide World Importers;Regular;61,16;132,99;107;Fone de Ouvido Bluetooth
Wide World Importers;Regular;61,16;132,99;108;Fone de Ouvido Bluetooth
Wide World Importers;Regular;61,16;132,99;109;Fone de Ouvido Bluetooth
Wide World Importers;Regular;61,16;132,99;110;Fone de Ouvido Bluetooth
Adventure Works;Regular;128,76;279,99;122;Televis�o
Adventure Works;Regular;128,76;279,99;123;Televis�o
Adventure Works;Regular;128,76;279,99;124;Televis�o
Adventure Works;Regular;160,93;349,95;133;Televis�o
Adventure Works;Regular;160,93;349,95;134;Televis�o
Adventure Works;Regular;160,93;349,95;135;Televis�o
Adventure Works;Regular;160,93;349,95;136;Televis�o
Adventure Works;Regular;229,93;499,99;137;Televis�o
Adventure Works;Regular;229,93;499,99;138;Televis�o
Adventure Works;Regular;229,93;499,99;139;Televis�o
Adventure Works;Regular;229,93;499,99;140;Televis�o
Adventure Works;Regular;152,94;299,99;141;Televis�o
Adventure Works;Regular;152,94;299,99;142;Televis�o
Adventure Works;Regular;152,94;299,99;143;Televis�o
Adventure Works;Regular;152,94;299,99;144;Televis�o
Adventure Works;Regular;392,6;1184,97;149;Televis�o
Adventure Works;Regular;392,6;1184,97;150;Televis�o
Adventure Works;Regular;392,6;1184,97;151;Televis�o
Adventure Works;Regular;392,6;1184,97;152;Televis�o
Adventure Works;Regular;216,12;469,97;153;Televis�o
Adventure Works;Regular;216,12;469,97;154;Televis�o
Adventure Works;Regular;216,12;469,97;155;Televis�o
Adventure Works;Regular;216,12;469,97;156;Televis�o
Adventure Works;Regular;505,85;1099,99;157;Televis�o
Adventure Works;Regular;505,85;1099,99;158;Televis�o
Adventure Works;Regular;505,85;1099,99;159;Televis�o
Adventure Works;Regular;505,85;1099,99;160;Televis�o
Adventure Works;Regular;389,26;763,51;165;Televis�o
Southridge Video;Regular;54,72;119;166;DVD
Southridge Video;Regular;59,32;129;168;DVD
Southridge Video;Regular;54,72;119;169;DVD
Southridge Video;Regular;50,13;109;170;DVD
Southridge Video;Regular;43,04;129,9;174;DVD
Southridge Video;Regular;53,76;116,9;175;DVD
Southridge Video;Regular;58,36;126,9;176;DVD
Southridge Video;Regular;54,72;119;179;DVD
Southridge Video;Regular;59,32;129;181;DVD
Southridge Video;Regular;54,72;119;182;DVD
Southridge Video;Regular;50,13;109;183;DVD
Southridge Video;Regular;43,04;129,9;187;DVD
Southridge Video;Regular;53,76;116,9;188;DVD
Southridge Video;Regular;58,36;126,9;189;DVD
Litware;Regular;275,46;599;192;Home Theater
Litware;Regular;321,44;699;193;Home Theater
Litware;Regular;293,85;639;195;Home Theater
Litware;Regular;275,46;599;198;Home Theater
Litware;Regular;261,66;569;199;Home Theater
Litware;Regular;252,47;549;200;Home Theater
Litware;Regular;321,44;699;201;Home Theater
Litware;Regular;316,85;689;202;Home Theater
Litware;Regular;264,72;799;203;Home Theater
Litware;Regular;275,46;599;205;Home Theater
Litware;Regular;261,66;569;206;Home Theater
Litware;Regular;266,26;579;207;Home Theater
Litware;Regular;275,46;599;208;Home Theater
Litware;Regular;321,44;699;209;Home Theater
Litware;Regular;293,85;639;211;Home Theater
Litware;Regular;275,46;599;214;Home Theater
Litware;Regular;261,66;569;215;Home Theater
Litware;Regular;252,47;549;216;Home Theater
Litware;Regular;321,44;699;217;Home Theater
Litware;Regular;316,85;689;218;Home Theater
Litware;Regular;264,72;799;219;Home Theater
Litware;Regular;275,46;599;221;Home Theater
Litware;Regular;261,66;569;222;Home Theater
Litware;Regular;266,26;579;223;Home Theater
Litware;Regular;275,46;599;224;Home Theater
Litware;Regular;321,44;699;225;Home Theater
Litware;Regular;293,85;639;227;Home Theater
Litware;Regular;275,46;599;230;Home Theater
Litware;Regular;261,66;569;231;Home Theater
Litware;Regular;252,47;549;232;Home Theater
Litware;Regular;321,44;699;233;Home Theater
Litware;Regular;316,85;689;234;Home Theater
Litware;Regular;264,72;799;235;Home Theater
Litware;Regular;275,46;599;237;Home Theater
Litware;Regular;261,66;569;238;Home Theater
Litware;Regular;266,26;579;239;Home Theater
Wide World Importers;Regular;321,44;699;635;Projetor
Wide World Importers;Regular;459,4;999;636;Projetor
Wide World Importers;Regular;116,75;229;637;Projetor
Wide World Importers;Regular;254,4;499;638;Projetor
Wide World Importers;Regular;152,08;459;639;Projetor
Wide World Importers;Regular;99,06;299;640;Projetor
Wide World Importers;Regular;115,43;251;641;Projetor
Proseware;Regular;73,12;159;642;Impressora, Scanner & Fax
Proseware;Regular;77,72;169;643;Impressora, Scanner & Fax
Proseware;Regular;69,25;209;645;Impressora, Scanner & Fax
Proseware;Regular;72,56;219;646;Impressora, Scanner & Fax
Proseware;Regular;53,34;116;651;Impressora, Scanner & Fax
Proseware;Regular;55,64;121;652;Impressora, Scanner & Fax
Proseware;Regular;62,54;136;653;Impressora, Scanner & Fax
Proseware;Regular;59,32;129;654;Impressora, Scanner & Fax
A. Datum;Regular;86,45;188;948;C�mera Digital
A. Datum;Regular;88,79;268;949;C�mera Digital
A. Datum;Regular;84,84;184,5;952;C�mera Digital
A. Datum;Regular;86,68;188,5;953;C�mera Digital
A. Datum;Regular;85,95;186,9;954;C�mera Digital
A. Datum;Regular;90,55;196,9;955;C�mera Digital
A. Datum;Regular;91,05;198;956;C�mera Digital
A. Datum;Regular;76,53;231;957;C�mera Digital
The Phone Company;Regular;137,5;299;1523;Tablet
The Phone Company;Regular;109,45;238;1526;Tablet
The Phone Company;Regular;123,24;268;1527;Tablet
The Phone Company;Regular;117,27;255;1529;Tablet
The Phone Company;Regular;122,32;266;1530;Tablet
Southridge Video;Regular;44,1;95,9;911;Acess�rio para Computador
Southridge Video;Regular;44,1;95,9;912;Acess�rio para Computador
Southridge Video;Regular;44,1;95,9;913;Acess�rio para Computador
Southridge Video;Regular;44,1;95,9;914;Acess�rio para Computador
Fabrikam;Regular;215,15;422;1148;C�mera e Filmadora
Fabrikam;Regular;220,25;432;1149;C�mera e Filmadora
Fabrikam;Regular;209,54;411;1150;C�mera e Filmadora
Fabrikam;Regular;209,03;410;1151;C�mera e Filmadora
Fabrikam;Regular;331,32;1000;1152;C�mera e Filmadora
Fabrikam;Regular;330,99;999;1153;C�mera e Filmadora
Fabrikam;Regular;330,66;998;1154;C�mera e Filmadora
Fabrikam;Regular;324,69;980;1155;C�mera e Filmadora
Fabrikam;Regular;409,28;890;1160;C�mera e Filmadora
Fabrikam;Regular;404,68;880;1161;C�mera e Filmadora
Fabrikam;Regular;395,48;860;1162;C�mera e Filmadora
Fabrikam;Regular;390,88;850;1163;C�mera e Filmadora
Fabrikam;Regular;275,92;600;1168;C�mera e Filmadora
Fabrikam;Regular;260,28;566;1169;C�mera e Filmadora
Southridge Video;Regular;169,69;369;323;Sistema Audivisual para Carro
Southridge Video;Regular;229,93;500;324;Sistema Audivisual para Carro
Southridge Video;Regular;229,47;499;325;Sistema Audivisual para Carro
Southridge Video;Regular;152,44;299;326;Sistema Audivisual para Carro
Southridge Video;Regular;157,54;309;330;Sistema Audivisual para Carro
Southridge Video;Regular;162,64;319;333;Sistema Audivisual para Carro
Southridge Video;Regular;36,33;79;934;Acess�rio para Computador
Southridge Video;Regular;36,33;79;935;Acess�rio para Computador
Southridge Video;Regular;36,33;79;936;Acess�rio para Computador
Southridge Video;Regular;36,33;79;937;Acess�rio para Computador
A. Datum;Regular;66,26;200;945;C�mera Digital
A. Datum;Regular;66,26;200;959;C�mera Digital
Fabrikam;Regular;291,09;633;1170;C�mera e Filmadora
Fabrikam;Regular;301,21;655;1171;C�mera e Filmadora
Fabrikam;Regular;215,15;422;1172;C�mera e Filmadora
Fabrikam;Regular;220,25;432;1173;C�mera e Filmadora
Fabrikam;Regular;209,54;411;1174;C�mera e Filmadora
Fabrikam;Regular;209,03;410;1175;C�mera e Filmadora
Fabrikam;Regular;331,32;1000;1176;C�mera e Filmadora
Fabrikam;Regular;330,99;999;1177;C�mera e Filmadora
Fabrikam;Regular;330,66;998;1178;C�mera e Filmadora
Fabrikam;Regular;234,52;460;1223;C�mera e Filmadora
Fabrikam;Regular;341,26;1030;1224;C�mera e Filmadora
Adventure Works;Regular;188,13;369;425;Desktop
Adventure Works;Regular;254,86;499,9;426;Desktop
Adventure Works;Regular;215,68;469;427;Desktop
Adventure Works;Regular;275,87;599,9;429;Desktop
Adventure Works;Regular;188,13;369;431;Desktop
Adventure Works;Regular;254,86;499,9;432;Desktop
Adventure Works;Regular;275,46;599;434;Desktop
Adventure Works;Regular;188,13;369;436;Desktop
Proseware;Regular;53,34;116;680;Impressora, Scanner & Fax
Proseware;Regular;55,64;121;681;Impressora, Scanner & Fax
Proseware;Regular;62,54;136;682;Impressora, Scanner & Fax
Proseware;Regular;59,32;129;683;Impressora, Scanner & Fax
Proseware;Regular;73,58;160;684;Impressora, Scanner & Fax
Proseware;Regular;72,66;158;685;Impressora, Scanner & Fax
Proseware;Regular;68,52;149;686;Impressora, Scanner & Fax
Proseware;Regular;69,25;209;687;Impressora, Scanner & Fax
Proseware;Regular;54,26;118;688;Impressora, Scanner & Fax
Proseware;Regular;73,12;159;689;Impressora, Scanner & Fax
Proseware;Regular;74,96;163;695;Impressora, Scanner & Fax
Proseware;Regular;87,37;190;696;Impressora, Scanner & Fax
Proseware;Regular;67,6;147;697;Impressora, Scanner & Fax
Proseware;Regular;86,45;188;698;Impressora, Scanner & Fax
A. Datum;Regular;90,55;196,9;969;C�mera Digital
A. Datum;Regular;91,05;198;970;C�mera Digital
A. Datum;Regular;76,53;231;971;C�mera Digital
A. Datum;Regular;66,26;200;973;C�mera Digital
A. Datum;Regular;86,45;188;976;C�mera Digital
A. Datum;Regular;88,79;268;977;C�mera Digital
A. Datum;Regular;84,84;184,5;980;C�mera Digital
A. Datum;Regular;86,68;188,5;981;C�mera Digital
A. Datum;Regular;85,95;186,9;982;C�mera Digital
A. Datum;Regular;90,55;196,9;983;C�mera Digital
A. Datum;Regular;91,05;198;984;C�mera Digital
A. Datum;Regular;76,53;231;985;C�mera Digital
A. Datum;Regular;66,26;200;987;C�mera Digital
A. Datum;Regular;86,45;188;990;C�mera Digital
Fabrikam;Regular;390,88;850;1211;C�mera e Filmadora
Fabrikam;Regular;285,12;620;1216;C�mera e Filmadora
Fabrikam;Regular;255,68;556;1217;C�mera e Filmadora
Fabrikam;Regular;293,39;638;1218;C�mera e Filmadora
Fabrikam;Regular;305,81;665;1219;C�mera e Filmadora
Fabrikam;Regular;230,44;452;1220;C�mera e Filmadora
Fabrikam;Regular;245,74;482;1221;C�mera e Filmadora
Southridge Video;Regular;229,93;500;292;Sistema Audivisual para Carro
Southridge Video;Regular;229,47;499;293;Sistema Audivisual para Carro
Southridge Video;Regular;152,44;299;294;Sistema Audivisual para Carro
Southridge Video;Regular;157,54;309;298;Sistema Audivisual para Carro
Southridge Video;Regular;162,64;319;301;Sistema Audivisual para Carro
Southridge Video;Regular;321,44;699;304;Sistema Audivisual para Carro
Southridge Video;Regular;151,3;329;305;Sistema Audivisual para Carro
Southridge Video;Regular;169,69;369;306;Sistema Audivisual para Carro
Southridge Video;Regular;169,69;369;307;Sistema Audivisual para Carro
Southridge Video;Regular;229,93;500;308;Sistema Audivisual para Carro
Southridge Video;Regular;229,47;499;309;Sistema Audivisual para Carro
Southridge Video;Regular;152,44;299;310;Sistema Audivisual para Carro
Southridge Video;Regular;157,54;309;314;Sistema Audivisual para Carro
Southridge Video;Regular;162,64;319;317;Sistema Audivisual para Carro
Southridge Video;Regular;321,44;699;320;Sistema Audivisual para Carro
Southridge Video;Regular;151,3;329;321;Sistema Audivisual para Carro
Southridge Video;Regular;169,69;369;322;Sistema Audivisual para Carro
Wide World Importers;Regular;160,49;349;449;Desktop
Wide World Importers;Regular;257,06;559;451;Desktop
Wide World Importers;Regular;257,06;559;456;Desktop
Proseware;Regular;205,09;619;463;Monitor
Proseware;Regular;224,97;679;464;Monitor
Proseware;Regular;119,11;259;465;Monitor
Proseware;Regular;128,3;279;466;Monitor
Fabrikam;Regular;208,4;629;1108;C�mera Digital SLR
Fabrikam;Regular;144,52;436,2;1109;C�mera Digital SLR
Wide World Importers;Regular;205,09;619;519;Monitor
Wide World Importers;Regular;224,97;679;520;Monitor
Wide World Importers;Regular;119,11;259;521;Monitor
Wide World Importers;Regular;128,3;279;522;Monitor
Wide World Importers;Regular;82,32;179;524;Monitor
The Phone Company;Regular;105,31;229;1471;Tablet
The Phone Company;Regular;109,91;239;1472;Tablet
The Phone Company;Regular;123,7;269;1473;Tablet
The Phone Company;Regular;95,65;208;1474;Tablet
The Phone Company;Regular;105,77;230;1475;Tablet
The Phone Company;Regular;132,44;288;1476;Tablet
The Phone Company;Regular;133,36;290;1455;Smartphone
The Phone Company;Regular;138,42;301;1456;Smartphone
The Phone Company;Regular;137,96;300;1488;Tablet
The Phone Company;Regular;105,31;229;1491;Tablet
The Phone Company;Regular;109,91;239;1492;Tablet
The Phone Company;Regular;123,7;269;1493;Tablet
The Phone Company;Regular;95,65;208;1494;Tablet
The Phone Company;Regular;105,77;230;1495;Tablet
The Phone Company;Regular;132,44;288;1496;Tablet
The Phone Company;Regular;122,78;267;1497;Tablet
The Phone Company;Regular;137,96;300;1498;Tablet
Southridge Video;Regular;321,44;699;336;Sistema Audivisual para Carro
Southridge Video;Regular;151,3;329;337;Sistema Audivisual para Carro
Fabrikam;Regular;397,25;1199;338;Laptop
Fabrikam;Regular;404,63;879,9;339;Laptop
Fabrikam;Regular;376,63;819;340;Laptop
Fabrikam;Regular;444,69;967;341;Laptop
Fabrikam;Regular;275,46;599;342;Laptop
Fabrikam;Regular;364,12;1099;343;Laptop
Fabrikam;Regular;186,6;366;344;Laptop
Fabrikam;Regular;321,44;699;345;Laptop
Fabrikam;Regular;303,05;659;346;Laptop
Fabrikam;Regular;269,48;586;347;Laptop
Fabrikam;Regular;348,58;758;348;Laptop
Fabrikam;Regular;195,26;383;349;Laptop
Fabrikam;Regular;203,42;399;350;Laptop
Fabrikam;Regular;196,23;384,9;353;Laptop
Fabrikam;Regular;195,24;382,95;354;Laptop
Fabrikam;Regular;185,32;363,5;355;Laptop
Fabrikam;Regular;210,11;456,9;356;Laptop
Fabrikam;Regular;187,62;368;359;Laptop
Fabrikam;Regular;193,74;380;360;Laptop
Fabrikam;Regular;198,32;389;361;Laptop
Adventure Works;Regular;321,44;699;363;Laptop
Adventure Works;Regular;195,24;382,95;364;Laptop
Adventure Works;Regular;275,46;599;365;Laptop
Adventure Works;Regular;348,58;758;366;Laptop
Adventure Works;Regular;321,44;699;369;Laptop
Adventure Works;Regular;195,24;382,95;370;Laptop
Adventure Works;Regular;275,46;599;371;Laptop
Adventure Works;Regular;348,58;758;372;Laptop
Adventure Works;Regular;321,44;699;375;Laptop
Adventure Works;Regular;195,24;382,95;376;Laptop
Adventure Works;Regular;275,46;599;377;Laptop
Adventure Works;Regular;348,58;758;378;Laptop
Wide World Importers;Regular;459,4;999;614;Projetor
Wide World Importers;Regular;116,75;229;615;Projetor
Wide World Importers;Regular;254,4;499;616;Projetor
Wide World Importers;Regular;152,08;459;617;Projetor
Wide World Importers;Regular;99,06;299;618;Projetor
Wide World Importers;Regular;115,43;251;619;Projetor
Wide World Importers;Regular;321,44;699;624;Projetor
Wide World Importers;Regular;459,4;999;625;Projetor
Wide World Importers;Regular;116,75;229;626;Projetor
Wide World Importers;Regular;254,4;499;627;Projetor
Wide World Importers;Regular;152,08;459;628;Projetor
Wide World Importers;Regular;99,06;299;629;Projetor
Wide World Importers;Regular;115,43;251;630;Projetor
Adventure Works;Regular;321,44;699;381;Laptop
Adventure Works;Regular;195,24;382,95;382;Laptop
Adventure Works;Regular;275,46;599;383;Laptop
Adventure Works;Regular;348,58;758;384;Laptop
Adventure Works;Regular;321,44;699;387;Laptop
Adventure Works;Regular;195,24;382,95;388;Laptop
Adventure Works;Regular;275,46;599;389;Laptop
Wide World Importers;Regular;321,44;699;391;Laptop
Wide World Importers;Regular;195,24;382,95;392;Laptop
Wide World Importers;Regular;275,46;599;393;Laptop
Wide World Importers;Regular;348,58;758;394;Laptop
Wide World Importers;Regular;321,44;699;397;Laptop
Wide World Importers;Regular;195,24;382,95;398;Laptop
Wide World Importers;Regular;275,46;599;399;Laptop
Wide World Importers;Regular;348,58;758;400;Laptop
Wide World Importers;Regular;321,44;699;403;Laptop
Proseware;Regular;321,44;699;405;Laptop
Proseware;Regular;195,24;382,95;406;Laptop
Proseware;Regular;275,46;599;407;Laptop
Proseware;Regular;348,58;758;408;Laptop
Proseware;Regular;321,44;699;411;Laptop
Proseware;Regular;195,24;382,95;412;Laptop
Proseware;Regular;275,46;599;413;Laptop
Proseware;Regular;348,58;758;414;Laptop
Adventure Works;Regular;275,46;599;417;Desktop
Adventure Works;Regular;188,13;369;419;Desktop
Adventure Works;Regular;254,86;499,9;420;Desktop
Adventure Works;Regular;215,68;469;421;Desktop
Adventure Works;Regular;275,46;599;423;Desktop
Adventure Works;Regular;254,86;499,9;437;Desktop
Wide World Importers;Regular;257,06;559;439;Desktop
Wide World Importers;Regular;160,49;349;443;Desktop
Wide World Importers;Regular;257,06;559;445;Desktop
Proseware;Regular;82,32;179;468;Monitor
Proseware;Regular;205,09;619;477;Monitor
Proseware;Regular;224,97;679;478;Monitor
Proseware;Regular;119,11;259;479;Monitor
Proseware;Regular;128,3;279;480;Monitor
Proseware;Regular;82,32;179;482;Monitor
Adventure Works;Regular;205,09;619;491;Monitor
Adventure Works;Regular;224,97;679;492;Monitor
Adventure Works;Regular;119,11;259;493;Monitor
Adventure Works;Regular;128,3;279;494;Monitor
Adventure Works;Regular;82,32;179;496;Monitor
Adventure Works;Regular;205,09;619;505;Monitor
Adventure Works;Regular;224,97;679;506;Monitor
Adventure Works;Regular;119,11;259;507;Monitor
Adventure Works;Regular;128,3;279;508;Monitor
Adventure Works;Regular;82,32;179;510;Monitor
Wide World Importers;Regular;205,09;619;530;Monitor
Wide World Importers;Regular;224,97;679;531;Monitor
Wide World Importers;Regular;119,11;259;532;Monitor
Wide World Importers;Regular;128,3;279;533;Monitor
Wide World Importers;Regular;82,32;179;535;Monitor
Proseware;Regular;321,44;699;541;Projetor
Proseware;Regular;459,4;999;542;Projetor
Proseware;Regular;116,75;229;543;Projetor
Proseware;Regular;254,4;499;544;Projetor
Proseware;Regular;152,08;459;545;Projetor
Proseware;Regular;99,06;299;546;Projetor
Proseware;Regular;115,43;251;547;Projetor
Proseware;Regular;321,44;699;553;Projetor
Proseware;Regular;459,4;999;554;Projetor
Proseware;Regular;116,75;229;555;Projetor
Proseware;Regular;254,4;499;556;Projetor
Proseware;Regular;152,08;459;557;Projetor
Proseware;Regular;99,06;299;558;Projetor
Proseware;Regular;115,43;251;559;Projetor
Proseware;Regular;321,44;699;565;Projetor
Proseware;Regular;459,4;999;566;Projetor
Proseware;Regular;116,75;229;567;Projetor
Proseware;Regular;254,4;499;568;Projetor
Proseware;Regular;152,08;459;569;Projetor
Proseware;Regular;99,06;299;570;Projetor
Proseware;Regular;115,43;251;571;Projetor
Wide World Importers;Regular;321,44;699;613;Projetor
Proseware;Regular;73,58;160;655;Impressora, Scanner & Fax
Proseware;Regular;72,66;158;656;Impressora, Scanner & Fax
Proseware;Regular;68,52;149;657;Impressora, Scanner & Fax
Proseware;Regular;69,25;209;658;Impressora, Scanner & Fax
Proseware;Regular;54,26;118;659;Impressora, Scanner & Fax
Proseware;Regular;73,12;159;660;Impressora, Scanner & Fax
Proseware;Regular;74,96;163;666;Impressora, Scanner & Fax
Proseware;Regular;87,37;190;667;Impressora, Scanner & Fax
Proseware;Regular;67,6;147;668;Impressora, Scanner & Fax
Proseware;Regular;86,45;188;669;Impressora, Scanner & Fax
Proseware;Regular;90,13;196;670;Impressora, Scanner & Fax
Proseware;Regular;73,12;159;671;Impressora, Scanner & Fax
Proseware;Regular;77,72;169;672;Impressora, Scanner & Fax
Proseware;Regular;69,25;209;674;Impressora, Scanner & Fax
Proseware;Regular;72,56;219;675;Impressora, Scanner & Fax
Proseware;Regular;90,13;196;699;Impressora, Scanner & Fax
Proseware;Regular;73,12;159;700;Impressora, Scanner & Fax
Proseware;Regular;77,72;169;701;Impressora, Scanner & Fax
Proseware;Regular;69,25;209;703;Impressora, Scanner & Fax
Proseware;Regular;72,56;219;704;Impressora, Scanner & Fax
Proseware;Regular;53,34;116;709;Impressora, Scanner & Fax
Proseware;Regular;55,64;121;710;Impressora, Scanner & Fax
Proseware;Regular;62,54;136;711;Impressora, Scanner & Fax
Proseware;Regular;59,32;129;712;Impressora, Scanner & Fax
Proseware;Regular;73,58;160;713;Impressora, Scanner & Fax
Proseware;Regular;72,66;158;714;Impressora, Scanner & Fax
Proseware;Regular;68,52;149;715;Impressora, Scanner & Fax
Proseware;Regular;69,25;209;716;Impressora, Scanner & Fax
Proseware;Regular;54,26;118;717;Impressora, Scanner & Fax
Proseware;Regular;73,12;159;718;Impressora, Scanner & Fax
Proseware;Regular;74,96;163;724;Impressora, Scanner & Fax
Proseware;Regular;87,37;190;725;Impressora, Scanner & Fax
Proseware;Regular;67,6;147;726;Impressora, Scanner & Fax
Proseware;Regular;86,45;188;727;Impressora, Scanner & Fax
Proseware;Regular;90,13;196;728;Impressora, Scanner & Fax
Proseware;Regular;55,64;121;729;Impressora, Scanner & Fax
Proseware;Regular;62,54;136;730;Impressora, Scanner & Fax
Proseware;Regular;59,32;129;731;Impressora, Scanner & Fax
Proseware;Regular;73,58;160;732;Impressora, Scanner & Fax
Proseware;Regular;72,66;158;733;Impressora, Scanner & Fax
Proseware;Regular;68,52;149;734;Impressora, Scanner & Fax
Proseware;Regular;69,25;209;735;Impressora, Scanner & Fax
Proseware;Regular;54,26;118;736;Impressora, Scanner & Fax
Proseware;Regular;73,12;159;737;Impressora, Scanner & Fax
A. Datum;Regular;86,45;188;962;C�mera Digital
A. Datum;Regular;88,79;268;963;C�mera Digital
A. Datum;Regular;84,84;184,5;966;C�mera Digital
A. Datum;Regular;86,68;188,5;967;C�mera Digital
A. Datum;Regular;85,95;186,9;968;C�mera Digital
A. Datum;Regular;88,79;268;991;C�mera Digital
A. Datum;Regular;84,84;184,5;994;C�mera Digital
A. Datum;Regular;86,68;188,5;995;C�mera Digital
A. Datum;Regular;85,95;186,9;996;C�mera Digital
A. Datum;Regular;90,55;196,9;997;C�mera Digital
A. Datum;Regular;91,05;198;998;C�mera Digital
A. Datum;Regular;76,53;231;999;C�mera Digital
A. Datum;Regular;66,26;200;1001;C�mera Digital
A. Datum;Regular;86,45;188;1004;C�mera Digital
A. Datum;Regular;88,79;268;1005;C�mera Digital
A. Datum;Regular;84,84;184,5;1008;C�mera Digital
A. Datum;Regular;86,68;188,5;1009;C�mera Digital
A. Datum;Regular;85,95;186,9;1010;C�mera Digital
A. Datum;Regular;90,55;196,9;1011;C�mera Digital
A. Datum;Regular;91,05;198;1012;C�mera Digital
A. Datum;Regular;76,53;231;1013;C�mera Digital
A. Datum;Regular;66,26;200;1015;C�mera Digital
A. Datum;Regular;86,45;188;1018;C�mera Digital
A. Datum;Regular;88,79;268;1019;C�mera Digital
A. Datum;Regular;84,84;184,5;1022;C�mera Digital
A. Datum;Regular;86,68;188,5;1023;C�mera Digital
A. Datum;Regular;85,95;186,9;1024;C�mera Digital
A. Datum;Regular;90,55;196,9;1025;C�mera Digital
A. Datum;Regular;91,05;198;1026;C�mera Digital
A. Datum;Regular;76,53;231;1027;C�mera Digital
A. Datum;Regular;66,26;200;1029;C�mera Digital
A. Datum;Regular;86,45;188;1032;C�mera Digital
A. Datum;Regular;88,79;268;1033;C�mera Digital
A. Datum;Regular;84,84;184,5;1036;C�mera Digital
A. Datum;Regular;86,68;188,5;1037;C�mera Digital
A. Datum;Regular;85,95;186,9;1038;C�mera Digital
A. Datum;Regular;90,55;196,9;1039;C�mera Digital
A. Datum;Regular;91,05;198;1040;C�mera Digital
A. Datum;Regular;76,53;231;1041;C�mera Digital
A. Datum;Regular;91,05;198;1042;C�mera Digital
A. Datum;Regular;76,53;231;1043;C�mera Digital
A. Datum;Regular;207,74;627;1044;C�mera Digital SLR
A. Datum;Regular;194,82;588;1045;C�mera Digital SLR
A. Datum;Regular;155,43;338;1047;C�mera Digital SLR
A. Datum;Regular;141,47;427;1048;C�mera Digital SLR
A. Datum;Regular;194,82;588;1049;C�mera Digital SLR
A. Datum;Regular;155,43;338;1051;C�mera Digital SLR
A. Datum;Regular;207,74;627;1052;C�mera Digital SLR
A. Datum;Regular;194,82;588;1053;C�mera Digital SLR
A. Datum;Regular;155,43;338;1055;C�mera Digital SLR
A. Datum;Regular;207,74;627;1056;C�mera Digital SLR
A. Datum;Regular;194,82;588;1057;C�mera Digital SLR
A. Datum;Regular;155,43;338;1059;C�mera Digital SLR
A. Datum;Regular;207,74;627;1060;C�mera Digital SLR
A. Datum;Regular;194,82;588;1061;C�mera Digital SLR
A. Datum;Regular;155,43;338;1063;C�mera Digital SLR
A. Datum;Regular;207,74;627;1064;C�mera Digital SLR
A. Datum;Regular;194,82;588;1065;C�mera Digital SLR
A. Datum;Regular;155,43;338;1067;C�mera Digital SLR
A. Datum;Regular;141,47;427;1068;C�mera Digital SLR
A. Datum;Regular;194,82;588;1069;C�mera Digital SLR
A. Datum;Regular;155,43;338;1071;C�mera Digital SLR
A. Datum;Regular;141,47;427;1072;C�mera Digital SLR
A. Datum;Regular;194,82;588;1073;C�mera Digital SLR
A. Datum;Regular;155,43;338;1075;C�mera Digital SLR
Fabrikam;Regular;144,52;436,2;1113;C�mera Digital SLR
Fabrikam;Regular;153,59;334;1114;C�mera Digital SLR
Fabrikam;Regular;144,52;436,2;1117;C�mera Digital SLR
Fabrikam;Regular;153,59;334;1118;C�mera Digital SLR
Fabrikam;Regular;144,52;436,2;1121;C�mera Digital SLR
Fabrikam;Regular;152,68;332;1122;C�mera Digital SLR
Fabrikam;Regular;324,69;980;1179;C�mera e Filmadora
Fabrikam;Regular;409,28;890;1184;C�mera e Filmadora
Fabrikam;Regular;404,68;880;1185;C�mera e Filmadora
Fabrikam;Regular;395,48;860;1186;C�mera e Filmadora
Fabrikam;Regular;390,88;850;1187;C�mera e Filmadora
Fabrikam;Regular;275,92;600;1192;C�mera e Filmadora
Fabrikam;Regular;260,28;566;1193;C�mera e Filmadora
Fabrikam;Regular;291,09;633;1194;C�mera e Filmadora
Fabrikam;Regular;301,21;655;1195;C�mera e Filmadora
Fabrikam;Regular;215,15;422;1196;C�mera e Filmadora
Fabrikam;Regular;220,25;432;1197;C�mera e Filmadora
Fabrikam;Regular;209,54;411;1198;C�mera e Filmadora
Fabrikam;Regular;209,03;410;1199;C�mera e Filmadora
Fabrikam;Regular;331,32;1000;1200;C�mera e Filmadora
Fabrikam;Regular;330,99;999;1201;C�mera e Filmadora
Fabrikam;Regular;330,66;998;1202;C�mera e Filmadora
Fabrikam;Regular;324,69;980;1203;C�mera e Filmadora
Fabrikam;Regular;409,28;890;1208;C�mera e Filmadora
Fabrikam;Regular;404,68;880;1209;C�mera e Filmadora
Fabrikam;Regular;395,48;860;1210;C�mera e Filmadora
Fabrikam;Regular;219,74;431;1222;C�mera e Filmadora
The Phone Company;Regular;105,77;230;1427;Smartphone
The Phone Company;Regular;123,24;268;1428;Smartphone
The Phone Company;Regular;132,9;289;1429;Smartphone
The Phone Company;Regular;137,5;299;1430;Smartphone
The Phone Company;Regular;117,73;256;1431;Smartphone
The Phone Company;Regular;137,96;300;1432;Smartphone
The Phone Company;Regular;141,64;308;1433;Smartphone
Fabrikam;Regular;144,52;436,2;1125;C�mera Digital SLR
Fabrikam;Regular;152,68;332;1126;C�mera Digital SLR
Fabrikam;Regular;207,74;627;1128;C�mera Digital SLR
Fabrikam;Regular;144,52;436,2;1129;C�mera Digital SLR
Fabrikam;Regular;207,74;627;1132;C�mera Digital SLR
Fabrikam;Regular;144,52;436,2;1133;C�mera Digital SLR
Fabrikam;Regular;159,2;480,5;1136;C�mera Digital SLR
Fabrikam;Regular;144,52;436,2;1137;C�mera Digital SLR
Fabrikam;Regular;180,22;391,9;1138;C�mera Digital SLR
Fabrikam;Regular;159,2;480,5;1140;C�mera Digital SLR
Fabrikam;Regular;144,52;436,2;1141;C�mera Digital SLR
Fabrikam;Regular;180,22;391,9;1142;C�mera Digital SLR
Fabrikam;Regular;275,92;600;1144;C�mera e Filmadora
Fabrikam;Regular;260,28;566;1145;C�mera e Filmadora
Fabrikam;Regular;291,09;633;1146;C�mera e Filmadora
Fabrikam;Regular;301,21;655;1147;C�mera e Filmadora
Fabrikam;Regular;331,32;1000;1225;C�mera e Filmadora
Fabrikam;Regular;330,99;999;1226;C�mera e Filmadora
Fabrikam;Regular;327,34;988;1227;C�mera e Filmadora
Fabrikam;Regular;408,36;888;1232;C�mera e Filmadora
Fabrikam;Regular;403,76;878;1233;C�mera e Filmadora
Fabrikam;Regular;393,64;856;1234;C�mera e Filmadora
Fabrikam;Regular;385,37;838;1235;C�mera e Filmadora
Fabrikam;Regular;403,76;878;1240;C�mera e Filmadora
Fabrikam;Regular;393,64;856;1241;C�mera e Filmadora
Fabrikam;Regular;385,37;838;1242;C�mera e Filmadora
The Phone Company;Regular;105,31;229;1481;Tablet
The Phone Company;Regular;109,91;239;1482;Tablet
The Phone Company;Regular;123,7;269;1483;Tablet
The Phone Company;Regular;95,65;208;1484;Tablet
The Phone Company;Regular;105,77;230;1485;Tablet
The Phone Company;Regular;132,44;288;1486;Tablet
The Phone Company;Regular;122,78;267;1487;Tablet
The Phone Company;Regular;109,45;238;1544;Tablet
The Phone Company;Regular;123,24;268;1545;Tablet
The Phone Company;Regular;117,27;255;1547;Tablet
The Phone Company;Regular;122,32;266;1548;Tablet
The Phone Company;Regular;128,76;280;1550;Tablet
The Phone Company;Regular;137,5;299;1551;Tablet
The Phone Company;Regular;123,24;268;1553;Tablet
The Phone Company;Regular;128,76;280;1568;Tablet
The Phone Company;Regular;137,5;299;1569;Tablet
Southridge Video;Regular;26,21;56,99;1571;Filme DVD
Southridge Video;Regular;26,67;57,99;1572;Filme DVD
Southridge Video;Regular;27,13;58,99;1573;Filme DVD
Southridge Video;Regular;27,59;59,99;1574;Filme DVD
Southridge Video;Regular;28,05;60,99;1575;Filme DVD
Southridge Video;Regular;8,27;17,99;1582;Filme DVD
Southridge Video;Regular;6,39;13,89;1583;Filme DVD
Southridge Video;Regular;5,82;12,66;1586;Filme DVD
Southridge Video;Regular;8,27;17,99;1587;Filme DVD
Southridge Video;Regular;6,39;13,89;1588;Filme DVD
Southridge Video;Regular;5,82;12,66;1591;Filme DVD
Southridge Video;Regular;8,27;17,99;1592;Filme DVD
Southridge Video;Regular;6,39;13,89;1593;Filme DVD
Southridge Video;Regular;5,82;12,66;1596;Filme DVD
Southridge Video;Regular;26,62;57,88;1597;Filme DVD
Southridge Video;Regular;26,62;57,88;1598;Filme DVD
The Phone Company;Regular;122,78;267;1477;Tablet
The Phone Company;Regular;137,96;300;1478;Tablet
The Phone Company;Regular;105,77;230;1410;Smartphone
The Phone Company;Regular;123,24;268;1411;Smartphone
The Phone Company;Regular;132,9;289;1412;Smartphone
The Phone Company;Regular;137,5;299;1413;Smartphone
The Phone Company;Regular;117,73;256;1414;Smartphone
The Phone Company;Regular;137,96;300;1415;Smartphone
The Phone Company;Regular;141,64;308;1416;Smartphone
The Phone Company;Regular;123,24;268;1417;Smartphone
The Phone Company;Regular;134,74;293;1418;Smartphone
The Phone Company;Regular;118,65;258;1419;Smartphone
The Phone Company;Regular;133,36;290;1421;Smartphone
The Phone Company;Regular;138,42;301;1422;Smartphone
The Phone Company;Regular;123,24;268;1434;Smartphone
The Phone Company;Regular;134,74;293;1435;Smartphone
The Phone Company;Regular;118,65;258;1436;Smartphone
The Phone Company;Regular;133,36;290;1438;Smartphone
The Phone Company;Regular;138,42;301;1439;Smartphone
The Phone Company;Regular;105,77;230;1444;Smartphone
The Phone Company;Regular;123,24;268;1445;Smartphone
The Phone Company;Regular;132,9;289;1446;Smartphone
The Phone Company;Regular;137,5;299;1447;Smartphone
The Phone Company;Regular;117,73;256;1448;Smartphone
The Phone Company;Regular;137,96;300;1449;Smartphone
The Phone Company;Regular;141,64;308;1450;Smartphone
The Phone Company;Regular;123,24;268;1451;Smartphone
The Phone Company;Regular;134,74;293;1452;Smartphone
The Phone Company;Regular;118,65;258;1453;Smartphone
The Phone Company;Regular;105,31;229;1501;Tablet
The Phone Company;Regular;109,91;239;1502;Tablet
The Phone Company;Regular;123,7;269;1503;Tablet
The Phone Company;Regular;95,65;208;1504;Tablet
The Phone Company;Regular;105,77;230;1505;Tablet
The Phone Company;Regular;132,44;288;1506;Tablet
The Phone Company;Regular;122,78;267;1507;Tablet
The Phone Company;Regular;137,96;300;1508;Tablet
The Phone Company;Regular;105,31;229;1511;Tablet
The Phone Company;Regular;109,91;239;1512;Tablet
The Phone Company;Regular;123,7;269;1513;Tablet
The Phone Company;Regular;95,65;208;1514;Tablet
The Phone Company;Regular;105,77;230;1515;Tablet
The Phone Company;Regular;132,44;288;1516;Tablet
The Phone Company;Regular;122,78;267;1517;Tablet
The Phone Company;Regular;137,96;300;1518;Tablet
The Phone Company;Regular;128,76;280;1520;Tablet
The Phone Company;Regular;128,76;280;1532;Tablet
The Phone Company;Regular;137,5;299;1533;Tablet
The Phone Company;Regular;123,24;268;1535;Tablet
The Phone Company;Regular;137,04;298;1536;Tablet
The Phone Company;Regular;128,76;280;1538;Tablet
The Phone Company;Regular;137,5;299;1541;Tablet
The Phone Company;Regular;137,04;298;1554;Tablet
The Phone Company;Regular;128,76;280;1556;Tablet
The Phone Company;Regular;137,5;299;1559;Tablet
The Phone Company;Regular;109,45;238;1562;Tablet
The Phone Company;Regular;123,24;268;1563;Tablet
The Phone Company;Regular;117,27;255;1565;Tablet
The Phone Company;Regular;122,32;266;1566;Tablet
Southridge Video;Regular;26,62;57,88;1599;Filme DVD
Southridge Video;Regular;26,62;57,88;1600;Filme DVD
Southridge Video;Regular;73,57;159,99;1601;Filme DVD
Southridge Video;Regular;82,77;179,99;1602;Filme DVD
Southridge Video;Regular;73,57;159,99;1606;Filme DVD
Southridge Video;Regular;82,77;179,99;1607;Filme DVD
Southridge Video;Regular;73,57;159,99;1611;Filme DVD
Southridge Video;Regular;82,77;179,99;1612;Filme DVD
